strain	ascr.1	ascr.3	ascr.5	ascr.7	ascr.8	ascr.9	ascr.10	ascr.11	ascr.12	ascr.15	ascr.18	ascr.22	ascr.81	anglas.3	anglas.7	bhas.10	bhas.11	bhas.12	bhas.16	bhas.18	bhas.22	bhas.26	bhos.10	bhos.18	bhos.22	glas.1	glas.3	icas.3	icas.9	icas.10	iglas.2	osas.2	osas.9	osas.10	oscr.1	oscr.9	oscr.10	oscr.11	oscr.12	oscr.14	oscr.18	oscr.19	oscr.21	uglas.11
BRC20067	78412.68019145804	213799.36771303916	525688.0057779396	12607.5255168958	357.218215546367	15814.339824321296	23152.415760171054	39353.180320806656	13600.224174510657	1034.339608642372	13259.848532780694	432.69996484527536	11678.878565459809	1427.9507055719803	653.9000799022274	621.0313639208492	2662.7624630993455	1789.2334585484964	121.35169880866059	2016.3747291120897	2649.8522705105192	656.989598237861	56.03716669412775	1261.113778643271	450.29436061407785	16.76034329036146	44.827383911700956	2175.0062242634604	3506.1334222237488	360.04929508586383	413.17608851895284	902.2274581400221	333.58574972237216	579.0556171801559	1268.0563844849416	9990.33344924705	1746.555815531932	287.16074416182647	5736.489600927974	21.40930481631944	8735.583725958642	16.005584533462407	245.7106854269112	64.25728249397386
CB4856	132717.35645249276	229057.94658279364	357994.50911775435	10988.322516039627	463.987337001182	27794.486986109805	35981.554335871435	34415.9016544044	26272.356138136955	12523.218518941392	8821.088206812998	104.21788942985825	33814.32656505436	2168.8362195685722	1722.8709187816921	776.1637013929538	5848.376326670815	1884.8186056773181	84.30625285302139	1310.5544530549898	1282.9296726684524	335.4204103738171	102.20405928570355	398.1913216095306	130.97524081490928	392.37431657192354	403.34794728168424	2920.7293446787266	33316.40706191211	772.3430907406778	146.41896419313454	3281.453400045656	5556.717491475009	3876.0650832154174	763.1435484912438	10370.791527895917	660.2812893099399	138.2917211113674	4703.7667082218195	117.27509331906903	3918.5364122404635	41.95915360959536	135.7286645642614	1489.4496975273983
CB4932	73215.02195720145	263620.45083607227	506595.926606669	22757.908859676707	423.460200093004	17934.76626188011	12758.959847715041	33038.312404781005	10006.127110984431	3616.1420709685945	4958.525991975965	108.86254159525755	13739.866136075985	212.51619717399512	304.1640057146561	489.61940480282794	4274.907344557869	1288.135278835321	46.8958548987302	847.1268499366629	897.9452500978333	254.23492755630605	489.61940480282794	263.1599090846116	72.97204648143085	458.62018070451387	5436.5683299920765	1431.316121289419	4410.560711488093	113.13446335880595	619.8097937157268	1381.5934928817237	1257.183696987158	970.5043970779546	262.68348658310066	3938.4577739908186	502.7686658445308	58.17118743448992	2179.585302162555	33.60366710657403	4250.65743923096	61.29969519441199	15.880750050365798	401.9735452748591
CX11254	94085.51675942876	114768.1088056825	604256.120567021	11042.11146067846	433.2597492669643	29905.122056086486	19415.884668675826	50287.08654383262	12022.831310589349	1919.70952881081	8162.810769125579	199.70462014229784	7855.370121473325	325.8440991632148	192.66037261595613	164.50365956161502	2684.937046650762	908.9674771512106	21.6721121363098	937.1890767688341	1421.9322585901496	468.81353053549503	164.50365956161502	657.6090972259453	351.5959539659032	180.16970918410095	1385.0645244151513	1297.7799305697552	3659.918491121369	471.2629982994043	19.42947029286307	2253.928050047655	576.022354718782	812.8866985708491	1222.835949978624	8396.92960026876	1351.9845433717605	502.26660931775916	4940.422374217194	19.92828574809625	10209.90073248008	21.440953754616377	19.90800869707051	4.055410205147791
CX11264	88742.93378122611	230077.51160662778	459915.3490172888	6507.024866877988	9611.194365505804	23192.624175605786	43119.33115871106	47071.688203822305	16070.575888834184	6329.1153589799615	9452.329239665678	121.03546896321185	13305.998815167373	995.4576233835475	350.4749289940903	302.2809825618561	8001.425867135573	1853.8475173979984	86.70375981121707	805.1757448288591	1081.189731048953	101.37570721296578	302.2809825618561	161.87724749214152	1081.189731048953	164.92175754901652	3949.5068654835372	1316.3295503352572	2957.741520254073	183.96613960691553	101.2461535935243	2005.1337565007982	528.2548832726748	454.76559264448963	865.25623584485	6182.298719747894	588.367762693526	131.88558459143664	3348.7991205382095	2930.3085413373374	5356.394395808396	162.20113154074525	100.24211304285274	32.38840486037245
CX11271	78178.14672166991	182629.2771776715	581209.664561923	11858.535490059072	6.408044813251632	16711.091505342003	17337.477885837347	34358.59059924447	12188.485717493399	2078.5454558503657	7143.432036020389	95.93483889919018	10267.353882480558	198.98260754108966	96.7807008145394	342.2344493413299	2492.0950359183726	1553.7394017346835	67.06018897067833	1051.0218780902796	1262.346379941692	569.3483736125942	111.3397786302471	865.2013945956088	492.2019221058579	265.7480264503584	2551.9077262052633	981.9303389138005	2561.494161245888	133.06305054717012	1281.4679856644348	3513.6270917780685	185.83970762911056	233.3745840538112	861.209182676953	8327.89503930182	1292.8486732527697	125.8219599081958	3984.2082706840156	24.984966726868112	10394.233169782941	36.692464600678846	35.46852804134778	42.88904393509317
CX11276	69845.82971208496	192998.70196263937	535590.0271646604	24012.596704854546	23.28652292020263	19876.537649859834	14429.144629659757	37474.30273979448	15624.441851153757	15927.492660437272	6172.931214824834	103.6716000407421	23727.10393385286	137.13433347707328	232.259779606101	723.0465366722916	2544.262207738419	1251.3245956400085	85.67111782342546	1302.322080835252	1645.2627038810763	470.99321258401835	723.0465366722916	761.3994399218653	102.27440866552995	23.28652292020263	3191.34810664501	1931.8033684141697	3590.1763846993204	23.28652292020263	979.7338788216852	2318.802092825017	211.93064509676412	150.94324156875342	593.8994805568478	9739.238913530946	845.9295181222009	298.2072125161149	4140.390348257868	53.86172751442868	5872.255630879178	127.07455557554574	23.28652292020263	99.48002591510563
CX11285	76967.03590797473	235140.43479166203	504277.0770230825	38936.800719850806	537.7255677874225	14768.991284836138	15933.361389647862	35390.05194478846	12402.666379209846	3931.2836547698353	6884.241449942025	205.6770550105381	4366.425666607787	1137.8719497906234	431.51574971104407	658.591528626719	7022.086627719289	2191.3577580030023	77.19972106111797	1208.895693166852	1579.7943163346158	526.7145739333229	31.729793610441146	816.6644498306399	243.69614699733455	340.8497531473996	1607.4917820070634	2709.0538935738336	5125.390997700392	382.3062394419938	55.50825203636102	2065.8834223774275	1689.8570379208336	2044.8435473285992	661.5567533867423	6773.187172305481	800.8562133711522	104.83108299687711	3240.1596443014587	19.528932495950084	6515.259835138225	113.8211911865021	72.27971437330848	9.443390955488434
CX11292	57512.025282134135	179073.7251971836	585286.4235256234	23326.692198556946	2240.9853739721957	19195.91875196373	15297.40222656697	39406.31700654801	11290.455029403136	13248.67071910504	6919.281546155726	92.78062174671403	8597.221380696272	192.9663891128175	25.447235805461887	387.9685570900719	2666.9466541198226	1025.574497431725	25.447235805461887	1031.09654760151	1020.6631809212709	464.36115897806854	387.9685570900719	797.2364505493155	104.4863502172265	156.72952532583977	2279.1562276803884	2243.7336754391854	2470.5194409374617	25.447235805461887	228.38894135402046	1515.9936258745865	25.447235805461887	85.45181783474102	674.7080101460165	8380.512720576959	1058.0451703194942	166.85752517641362	3413.339527529825	53.159275597609884	7477.059507775644	76.49439083121844	25.447235805461887	25.447235805461887
CX11314	65116.010775765884	173200.2399099439	609966.0622915416	11615.975307368928	56.89251358780984	14205.682865541241	12191.313872420502	36261.352836450125	9289.8584331523125	7972.206231182358	7719.296228687773	116.30772632213406	11629.241441686667	2067.6845452321463	489.96841781480435	355.97669598302457	2228.53485499199	1097.775752478483	12.550742022459703	931.9176966516778	1096.7214901485963	198.13856430857132	53.98074143859918	616.5677525953554	184.70927034453945	280.170214167368	4061.344814015825	1168.0850092883022	2177.541190154736	105.20031963225723	637.8161588393796	2357.9957589536616	42.15794245344214	76.15790259228548	786.4169443853026	5592.673398918157	843.7738354279435	41.65591277254375	3497.389771978621	43.1996540413063	8950.712282221408	70.99954762105455	60.7957943567948	530.9465905181353
DL226	67065.68869832325	205976.7930919077	546193.6340954379	20839.09831599056	150.0860556836242	15851.26373154945	8833.350284986649	36974.894127928346	14619.877641261726	1879.2328230980388	5738.314581395493	36.330044712589924	25779.13207913827	313.81629824757783	192.60960948504666	662.1798765502949	3042.575545185058	899.8415825381682	44.99527531852536	1246.0033399492131	1052.6053365319872	427.13194504027774	662.1798765502949	695.1574713891131	256.2848491425967	203.10022063665863	2427.4578145322453	3426.0759233300396	13033.99838741479	70.72816915893851	123.11019843662193	1334.587566274809	942.1378516023858	1249.9311043140347	622.5542031482346	8888.395807278454	432.7217290459098	95.8360299720383	2970.554694083267	22.352033374490812	4447.933896507031	76.779625287018	32.75031010161332	165.91785815955046
DL238	53123.36693464729	196743.64608978026	447876.45923344843	18620.321278027466	214.7839251152604	20991.72315108837	128950.26005818328	34668.48725148456	15850.779517718272	5087.4803989320835	9946.257754931969	147.5672086488612	23730.765079989094	1154.8469872292237	1240.6748835915962	766.3825146636935	2865.536267141055	976.7542450667736	46.0838744792575	1423.319754149655	1548.403332397872	363.1079179704178	187.60537684612154	667.5322183741094	200.7077388781494	80.43045428727821	931.5213958459173	1642.0760824006065	6497.200883684066	1608.143592063955	218.8905503554644	1266.1199676598978	724.322447530366	1312.0182158244036	587.5015746109123	8194.319452092803	1905.2827735609983	165.79856854695745	2365.2990509897495	64.6436501649918	4772.049885958331	73.79645537699032	53.36328180699049	144.3687244562127
ECA36	51465.16387707614	202883.33197822582	527411.5967568133	17858.624531311856	419.02000698463087	13739.32729467471	15572.55045853079	46361.18068265537	17317.21951396367	2102.8325694627015	9218.729379376231	188.78783172296707	49338.50421273416	948.090398279631	1701.5148775240536	755.1768468078404	3095.923086239809	1152.9132438717365	40.912678622611196	1945.076955561813	2991.640202939135	1206.81130640482	56.13530849997115	1415.3940862834825	565.3384452106884	319.50934797074046	1325.751128112139	4.253319328683979	4.253319328683979	52.76242627232476	4.253319328683979	5111.936901565414	1866.7776000400697	3007.228618278762	927.0619875186175	7302.0560902913685	608.0417712706756	150.67383721862996	3677.555997798686	32.94195820065742	5779.4528370090775	42.473646816238215	26.966044543856427	4.253319328683979
ED3005	68935.07520176822	264587.61036247696	508739.5922823236	18650.307408318644	10457.534898541138	12567.58882440014	14211.473798700992	29860.97050412813	10363.208339887524	2503.2569282830445	8749.256183458167	28.384012347421816	7053.948714639304	730.3693605396081	290.0353455705103	410.465730661106	2602.219147914961	1358.46377852081	29.39503817563616	1046.2396426991702	1222.0183140875424	522.0335063639504	34.385633753204836	667.1479794944603	322.72159548480164	255.63895622338833	5877.6846970754195	1522.7447200117235	1820.1153806337466	10.75559391717386	90.98156894537368	1846.8860538935921	96.85412322415061	82.31256024813155	746.1478168161022	6991.716848234537	1158.216130970867	88.72289422276717	3106.1294785284736	32.10544784276397	10178.663859456654	37.31115529867612	102.55458800025276	10.75559391717386
ED3011	77939.68968860652	214394.52094980332	542054.0718353518	21732.525359939074	20.225898202811635	9054.871688722133	11692.308588470565	30671.5633296537	9924.949377610683	3945.3041552368427	6652.055208126312	120.52612739055454	23018.083449709782	5612.585621789214	950.1520198734822	250.78091181666144	3734.5907477599517	1101.56309381973	136.03939131211104	840.8310400872853	1001.8696415780715	272.7462372649149	53.86156691408738	781.2253180835994	350.57549354933406	306.5032613654075	3336.9091372962694	3258.5540076585767	4783.303569575734	437.18278965377345	1399.6726074309709	631.8772857540382	569.2579049181335	948.8373364902994	748.3986853004361	4707.476677213394	800.0960811068227	276.2250917557985	3066.0439085642156	51.6367181117781	8155.810287708951	113.28525583394796	81.18675538608589	20.225898202811635
ED3012	64824.4833856291	243091.81269610912	540998.4459021252	6681.759792443062	6579.518235926757	10103.992032060492	16817.592085460612	31697.26577312011	10487.409785261963	2522.697202519201	8215.978953454045	49.62409533292533	12972.785244773113	622.3722385756148	365.10721989809633	345.8147863316747	3899.0735129923078	1921.8600386447822	111.62442383576139	1541.2330747831852	1928.1375272196992	731.9065494728028	39.368957391441434	728.2530225231643	390.21479094469936	333.4933679822739	3087.4090164245245	1696.4495804427165	3077.876004161932	98.41166883980817	344.78760426038036	3637.082503485609	394.46413116074996	658.5142713161688	773.8827857180634	6427.299862623812	786.5473925089175	67.44367850477639	3274.422884485933	19.261451276568174	6337.641882294129	19.795299963273354	9.008696588149926	1287.8765911333296
ED3017	68768.99089815807	175035.87648442955	567326.1504852313	25850.570625703618	50.7441723489568	24309.137595305376	14708.422921946361	37951.36163200823	11281.142610626137	4568.512019730342	4155.723148778328	81.98650827498378	24848.88539125313	236.68137840555744	169.52808510680208	58.58430456746798	5010.002078226003	1011.987719752701	19.698824669626088	777.3747179374542	713.747514254562	19.698824669626088	58.58430456746798	145.71220608122414	713.747514254562	437.0184252956547	4614.567871807929	2160.9610662579817	5029.799397018976	185.32654249184222	1404.683789541697	2665.369170748427	1017.7397765562317	1320.2546270076796	469.1866059811541	4951.772352502588	455.6929110824603	135.84309492174148	2585.510135537763	47.572661577147	3760.6041235549683	67.48817331813898	19.698824669626088	798.0584838405616
ED3046	77618.8756613111	204236.1207450046	575128.9160179329	20292.6395349891	43.57037242560098	13555.483557935699	12822.71703448194	33598.551999670955	9620.730364924526	9542.34726493087	3946.212200959106	43.57037242560098	6396.653516547331	367.864654389349	43.57037242560098	480.53763748195314	2210.629985757717	879.5551081556068	43.57037242560098	695.6445661471452	1299.1377946141442	463.414481118692	480.53763748195314	868.8803669113347	147.96498475734091	249.17895990201194	4121.757231461853	1446.4056534126755	2075.736112728056	43.57037242560098	376.49158812961804	566.5891230225151	211.44701738144153	209.92205434654548	1195.7017304757676	7641.328345629473	166.56953378307253	109.97162000221687	2569.606284172243	103.78462711778153	3546.5847450714937	336.4939862429163	157.59403706339873	43.57037242560098
ED3048	74131.94253180029	174739.57882495783	561873.0564910261	22227.60986247245	2222.0726182094495	18286.702846094424	18652.302759501257	39713.54064203587	10879.39208041692	1806.6013229874754	7759.643414766144	133.74932139487427	15124.916662238118	101.5607612685664	150.54373647082855	659.3065512765719	3264.894302338038	1039.5563485646871	38.06028065382667	1456.4573312497748	1505.9051019647363	536.0004201986774	659.3065512765719	1229.0575975334773	458.3883948091343	183.1147232848005	1738.7441198771169	2185.7244324188578	7518.8616887253575	296.77487660230713	78.25920901482075	2357.831150586436	414.26812202770805	910.6432538968875	925.9079622221856	7991.070395677919	1357.520605407334	210.85242511544908	4968.811117943965	12.011139736402404	9909.263826125765	10.928578035938017	128.78659968649544	150.4790181083008
ED3049	76909.24370887398	245761.92660861468	514122.6065341895	27111.401109145623	3866.544798615844	16212.17438581957	11215.433635130024	32546.130727053125	11209.234765713409	15381.784170218372	4510.387787710676	187.6449429655585	5140.218749061695	1051.7415110196205	253.12050117859235	234.39474981589035	3754.9005775602864	1248.3619003279914	64.5715564231103	947.5875905091435	929.2492684849801	196.36210308267837	234.39474981589035	406.41337612705615	194.16667016429264	64.5715564231103	4421.731040741746	2575.501099492177	2272.3376420856744	64.5715564231103	64.5715564231103	671.3504721310776	281.40284289191464	285.98742339795547	225.1610172473856	7209.607989309533	151.29115669934743	319.9520620765115	2562.07021575617	130.43454397468278	4591.166804795987	289.15142966268786	64.5715564231103	64.5715564231103
ED3052	90160.47543943592	390128.3465555466	244397.263612559	35328.44667336765	2583.3527924967434	27443.771334435143	29964.068498825818	31937.789045127985	21702.987351109048	4147.886542057707	15368.788666227167	50.246036029486895	28405.936710068065	1648.1845252642695	1116.9408584706218	955.0602765306838	2544.215207497813	1490.4433865363305	65.69806719756633	2575.0342127816707	3155.1233094769095	270.5551424303023	955.0602765306838	288.01452003269367	80.52067617861573	370.162621145342	4325.479996792782	3495.952588518591	15601.391351920605	1059.1757790176953	219.52091104948946	2008.8717907832404	12107.814690396299	13499.915113061803	212.97718849243861	4504.8256268052655	341.26590524349507	618.3987930517688	1697.8748552187208	25.29596735442287	2917.5306100484586	93.21685885213127	130.4491658795109	5.670470153423643
ED3073	90037.49829953776	238744.14517480752	487839.454068387	7483.99230419375	4059.2651201034787	17085.37081224923	29811.080340005068	35770.795617470045	18417.26774774134	25805.89858149436	4801.969779302222	150.6500322918344	8913.359810578675	393.045934249396	150.6500322918344	798.4451711467224	5597.100649738524	828.4245275727975	150.6500322918344	150.6500322918344	757.6190123956353	150.6500322918344	798.4451711467224	150.6500322918344	757.6190123956353	352.8223756274762	2866.11686435215	150.6500322918344	605.4624797808825	150.6500322918344	369.8458292764535	150.6500322918344	150.6500322918344	150.6500322918344	318.474168264938	7146.234931795457	375.8718305681269	293.61691293678524	2669.3679221790144	338.51062255975194	3491.314498363263	513.114009985988	150.6500322918344	150.6500322918344
ED3077	55115.504849184916	157418.06712013998	615641.1631648476	22123.478688662268	45.943370385436396	17734.73823259346	12543.68869948377	40309.197044959175	12998.206462706894	10717.761330255373	5922.927423349689	161.62877701596523	11337.12390642144	185.4274428756213	152.6238764204197	155.5183087547022	2537.865836721121	1088.168727579061	45.943370385436396	588.0291975632003	1576.8683583689478	320.22529158649166	155.5183087547022	557.4309128864998	1576.8683583689478	45.943370385436396	3028.8626360302796	688.0938582626809	1709.5987554124736	45.943370385436396	45.943370385436396	706.3793196760846	45.943370385436396	45.943370385436396	733.4859082034919	8491.207771265968	694.3421566351002	135.76265948896454	4240.251482983081	105.94541210881633	7934.282235453709	200.26715151011723	45.943370385436396	45.943370385436396
EG4347	75633.65130398751	168244.71502109867	532180.5757720976	27900.322274218644	181.78077014975958	21025.22860071245	18049.194224795796	37038.896601932385	13440.943365240977	55033.25026557326	7139.882431998078	74.71466097400722	12494.458040022253	1576.4046318905782	267.1049129820758	273.0073711990224	3099.9112838115598	916.3753168461985	74.71466097400722	605.4128978723804	1312.5871639913587	324.56048727108737	273.0073711990224	582.7743555972563	264.7887584918816	74.71466097400722	2147.8970736807596	359.3028046240007	1131.2546818074434	74.71466097400722	74.71466097400722	566.1129862000528	74.71466097400722	74.71466097400722	421.2412585714527	7213.3269437355275	424.45398899333503	255.15056722623467	2812.1104097396837	197.6949929372231	5865.474459764437	74.71466097400722	74.71466097400722	74.71466097400722
EG4349	66408.83231973009	173727.02764545556	564792.6913840143	15815.391056107332	3029.9918969333344	26393.031377957872	17056.882702318835	31988.49745260654	12652.603359588473	17081.576452040263	4549.077986607731	237.61044623593477	12198.483008674235	76.45123752764954	76.45123752764954	76.45123752764954	6394.2286043375525	1698.746497864373	76.45123752764954	836.0707336023754	563.6749742913601	76.45123752764954	149.15636441644426	836.0707336023754	340.43736071062347	151.29699906721845	4029.3624738947697	1297.6068545567957	1343.4775970733856	76.45123752764954	76.45123752764954	426.90371035439506	203.8189992487137	76.45123752764954	1001.2818578996261	26393.031377957872	185.16489729196718	187.91714184296256	2762.4125655865614	197.39709529639111	4094.1931233182163	211.5405742390063	76.45123752764954	76.45123752764954
EG4725	69750.89965226407	214280.96320290983	539126.989610974	25162.74932690827	488.3746902441478	15248.096358254914	12466.35764416417	39572.01888263417	11824.003980498828	2726.338768261752	7892.2320567725965	42.807270046243396	19394.090538070846	1570.0728201075308	694.505149230253	538.5594875166466	2527.380361605681	1106.7562826835951	9.784518867712777	1320.528450905384	1331.6925869334443	391.11657269908284	538.5594875166466	546.7197762523191	238.27260346654154	304.3376748613382	4551.777746297719	9.784518867712777	174.96676639243987	9.784518867712777	565.1929478745608	4739.258912321963	285.6785973806099	401.85018989696374	1111.805094419335	5340.01858628066	1009.1948450536312	34.500213527555246	3833.1146199830832	906.8585622162233	6889.309088313169	40.51769263119861	37.592121489752486	964.5872235357288
GXW1	90931.13316686834	229146.4555805082	508001.9306255711	21117.725125162615	42.8831224014951	14799.890613484045	9670.222908519225	37252.66663580262	15878.697577375773	3394.9077947094847	7126.515389309249	80.30431473743366	14058.01380835329	849.2907217030058	577.2732678720914	441.7373828491019	3707.977624127468	2008.3413795767206	26.8186222086817	1708.0989020108107	1712.445410176187	770.0412081103078	441.7373828491019	1004.3889245079608	277.8976671090386	398.30261157306114	4850.697050484414	1511.7907096546307	2766.8949545302808	168.2407825853398	331.34698718452375	3046.708237511368	277.6673082383491	417.683067088693	839.6398974362288	10120.15015542889	655.219435222731	138.48811581314047	3682.8927555245014	36.233025529224804	5464.530695965131	31.207564902869215	202.09141242559264	32.82007699769501
JT11398	90117.53869212508	203068.91320151158	514522.43374895735	23825.220078218066	285.1885203347106	19821.0786293031	17428.183970997376	40492.00218261025	13409.946434104557	1348.310604406306	6687.665169502794	96.48056760653526	13852.313946670967	254.65511507986855	194.98573532220104	695.5338615509944	3564.300880845662	1032.4942989620424	53.254594148738235	1267.5275377962776	1214.976225790711	516.0416449586659	81.42850303579652	1072.3591317875384	402.7949528393761	312.0472002786946	4528.619435080246	3081.167360066833	8180.69358080746	254.77080651467602	649.9149020995484	3487.4878571563945	221.04675326830207	375.4643736218353	863.6091602346922	8577.728317998002	810.9969580002796	32.7893882335874	4697.346259212596	5.945930846814874	8056.325288389444	19.427027513326017	26.517694662446264	512.4734775482884
JU1172	71421.21087809064	200913.6170464	552186.4740843732	21623.243205441617	5899.644605234693	17384.01740961594	14623.951032078337	34820.97476159052	11686.655670554084	18628.21498496658	6185.1499322346945	108.92992254864647	10275.250664091272	341.6042371125553	351.4079301419335	108.92992254864647	4632.244956381191	1179.3842714341954	108.92992254864647	1020.0197947455255	292.9125617333104	108.92992254864647	108.92992254864647	255.7674581442219	305.9841524391479	108.92992254864647	3575.733637581869	1086.2491876551028	1652.3579951404183	108.92992254864647	108.92992254864647	108.92992254864647	108.92992254864647	339.4256386615824	651.4009368409058	6893.848008336189	504.01875163258717	453.69312741511254	2668.4563126741928	262.4121834196893	6173.494430521991	404.02108273292976	108.92992254864647	108.92992254864647
JU1200	72568.56349346334	216007.0401595388	531849.2669474358	20934.71256188216	30.21375784416406	15131.383922436264	14568.04119207061	34739.01457624583	11831.104930284453	6036.1352187371695	6476.698821402058	55.58097117382419	25654.557148628654	754.7993905406742	541.8781652405573	465.2773493184352	4357.297644468639	1438.7793300576138	74.4498214465839	854.5710456866326	1041.5623502415476	263.91885381509366	465.2773493184352	480.61566435497383	47.14035994069935	317.21269162252275	3470.2438594235623	1584.3027284575317	5833.642232476687	177.98798590624855	231.0095459319639	2269.653132809097	1019.4806221445663	1489.6680474599052	743.1186737051562	5101.396518187965	877.0884182343559	65.19237686831795	3257.4315452361307	34.57020235158333	6729.290919497861	37.09330979546366	48.465445145039375	45.27071917293191
JU1242	56959.65182239105	181998.14978640492	275915.847062107	32555.554078877343	577.8306043356941	29389.04236711774	76054.6419732684	21205.227517911306	22400.18120767752	151492.73869171063	4573.529233317019	577.8306043356941	13993.323745197504	577.8306043356941	577.8306043356941	577.8306043356941	4085.262372653358	4961.25356882627	577.8306043356941	577.8306043356941	577.8306043356941	577.8306043356941	577.8306043356941	577.8306043356941	577.8306043356941	577.8306043356941	577.8306043356941	577.8306043356941	2170.331749884867	577.8306043356941	577.8306043356941	577.8306043356941	2276.0747504782994	7992.552919171322	1721.9352009203685	11406.376129586602	76054.6419732684	1503.515232481476	1836.345660578836	1568.232260167074	2196.911957684309	2495.6503801258627	2214.24687581438	577.8306043356941
JU1246	102864.46511598636	177457.6883986469	539143.0518812179	27248.213095734845	619.4389120991145	16794.5746782966	12682.275440011721	32732.890419961357	14500.703265104044	11056.078014805444	4630.3946058987085	267.11564299965534	16181.141167451538	1517.4862318981282	457.02446604308216	484.4996564450005	6060.06383607227	2144.3119794055797	72.9857711514645	819.6701181287369	1478.3264109412041	487.45439060833525	484.4996564450005	612.0328901053014	72.6404126128929	516.809866386921	2291.4155302516047	1562.7282004510075	2745.120717007304	157.4643070031728	19.186585476199923	1854.6329118859132	709.6542370082066	1001.2519630754929	550.6166299959854	8927.268796464634	514.5074761297772	72.71715895479771	3531.1567507962627	50.211294191215195	4518.3449467177015	69.51299918027233	19.186585476199923	19.186585476199923
JU1395	71040.36292901202	192749.52272504708	540821.47638387	36482.806265377505	330.55607470050796	19783.025043571215	18723.464074960328	38625.694405886745	12352.287666424008	5109.078732696964	6173.224520052285	66.97578076047995	15730.718961146691	1104.9226038619106	453.6537796019992	328.7970013863182	5240.803382256343	1360.9239117142063	141.3995527874229	1039.7058964156204	1123.2244517478423	411.7728638875666	328.7970013863182	898.4373384494671	203.60337934451576	415.88984398460644	3121.3446012084423	1454.922052747984	3086.5561193884555	68.19216124369626	236.42693884546068	1510.3515756908569	531.8576878998605	574.8614163680312	560.5829808496612	7677.250917230416	652.4664911972321	111.08360843649315	3231.5486729878407	42.72302527973617	5924.446640915705	69.83895328251221	85.70804020201123	18.71354589563564
JU1409	83762.88319429013	197064.18015818973	483762.2826618013	45740.83592287483	2286.7498706283423	22813.86781874006	13148.158399007076	38224.44896209219	17714.651927894178	14334.460286299973	6920.386268057296	27.802430038034558	22204.54976202649	2049.4839326837555	917.5635985452545	584.1568575291441	4397.9551979965345	1707.819869946349	86.21533554794517	1071.3666415156617	1531.3856489249815	467.6924780998174	584.1568575291441	317.5593558944307	174.37684119855274	894.8768156342184	3988.6478229765903	3699.5581554411065	6332.7263043433595	129.6983361274312	91.77582155555207	3307.265867604439	790.1172592509041	613.0157799086239	540.7294618097341	7015.776405517792	508.03380408500544	132.36736941108254	3717.240500945297	1020.905230996629	5150.539176696092	116.13075026887034	27.802430038034558	27.802430038034558
JU1491	74827.75568837735	200471.9216431151	551297.7845185666	18047.842731495803	4566.517684406827	15807.407913625528	20118.968271971236	35807.686068416806	12572.65026368412	8957.139156850539	7717.327717160179	65.99464063376477	9245.317544212516	17.899278718135278	17.899278718135278	226.40797650569314	4329.531234178716	1809.0801000419326	71.65081270869553	963.6613676269671	1121.5151066422022	277.4209208523787	226.40797650569314	753.273245574005	136.71469084911726	142.2634672517392	2870.811615765563	1850.7854194551878	2309.150148869196	279.1392516093197	644.4098324103063	1468.564221708127	126.88798683286099	399.27921036544365	553.2667051775614	7015.425401507223	885.1372318905077	32.021809626744016	3227.6695355690263	56.758612815206966	8574.434678578089	72.42048169357534	17.899278718135278	17.899278718135278
JU1530	86909.58046765799	125757.185344997	616022.987771254	18309.007704194955	548.1685153868981	16236.228265938964	10014.947751826405	37123.43008955089	12029.802640485997	13793.076499251694	4385.692912080877	99.29922787954543	17935.78512014862	68.01537391101273	84.26642810333648	324.3774777398484	4284.853626731904	779.9126856372632	22.98593237952441	1055.8817897858332	1125.8049960843466	222.68771289283245	324.3774777398484	519.6429733039082	325.2739291026499	420.96436559861	1880.7089872926872	2232.991386941278	4914.829075457529	140.9727232836232	908.2661320445275	1276.6846562235446	331.7789479660553	1212.8527220056055	687.4862515391955	7649.074689799096	217.14810318936708	56.844210774563855	3661.176323478268	521.0910870438183	4278.371593800878	75.94552058194864	22.98593237952441	1206.5545765336155
JU1568	84954.85121719557	276180.52031695226	453685.497092002	13401.24083254182	10915.631735994551	20344.329946090358	19979.4071023676	35631.9203195545	13864.28963312819	15557.368988294278	9463.93681338937	67.7665447953125	8673.71113453123	67.7665447953125	67.7665447953125	193.4734853906172	3095.1014004363083	1815.5335016112174	67.7665447953125	1201.568605765686	931.9255240251376	67.7665447953125	193.4734853906172	1201.568605765686	931.9255240251376	230.27071921447188	5148.156641555096	1473.1769173052987	3313.9873401251675	67.7665447953125	67.7665447953125	67.7665447953125	67.7665447953125	67.7665447953125	229.7963534009047	5496.815514526978	505.26735799385006	395.68885505982973	3153.8549947738443	297.0207658378547	6435.246626852466	290.2441113583235	67.7665447953125	67.7665447953125
JU1581	63091.53643554849	135887.76696017143	630724.3523057014	29495.978170784	954.3679904827285	17418.504196175785	14301.54649252521	36253.83065692121	11454.81315111553	4875.2428513099385	3318.020320349001	59.94445267035487	11704.654348312397	153.3480630544878	12.819600656619945	323.46416376783446	5583.141199568493	945.3942700230945	12.819600656619945	784.8159521982731	1047.3870128471629	224.93271312105355	323.46416376783446	642.8645141275205	138.15683627639314	179.80771880975138	518.4759289563372	1124.99687522234	3421.7052504597427	12.819600656619945	443.13513589738164	2024.4841552940784	2117.387801252603	2289.4909400677257	639.3391239469499	9615.110719685972	411.90658869785545	79.23795165856788	3658.2012433730674	78.78926563558618	3516.5959345200436	109.7101424193535	12.819600656619945	12.819600656619945
JU1586	75587.29687267313	258764.91176749565	471829.2178955714	39845.63048348538	68.09298314746333	19439.321014904126	16279.602317912384	33319.39469968305	11824.4827095233	18383.40312523641	4251.044937896136	283.94773972492203	17932.831855749646	448.05182911030863	287.35238888229526	288.9185274946869	4040.705712953621	2157.8666359431127	188.9580282342107	641.9806451142841	478.2851136277824	68.09298314746333	288.9185274946869	641.9806451142841	478.2851136277824	68.09298314746333	2327.8948148623285	291.57415383743796	3815.386031718665	68.09298314746333	68.09298314746333	68.09298314746333	1099.3612129157952	1051.6280317294236	935.8018673955884	5707.009103555196	249.62887621860057	158.72474371673698	2711.8030538477265	144.35712427262223	2894.5646206155184	295.59163984313824	68.09298314746333	157.6352559863776
JU1652	56733.81473391908	293439.12948582595	493955.86796780705	28494.211042634808	3234.647993452473	13723.267768663623	15349.898676446719	33431.12877014751	10748.577500022644	5646.6589500000655	6688.847143586241	164.8932281624018	6427.001627041723	181.44319506540242	156.03136645192987	408.6531130262774	3052.05060447776	1367.3480929694194	9.781304316194198	773.2610127167325	608.7785993356108	115.05748267139236	37.599333791450505	194.1002028505577	106.54774791630342	96.49256707925576	3070.8991778950663	1075.3663778267064	1919.0234377070885	68.78213195147761	242.39050225960847	1480.7720978200075	434.6322572900892	467.507221096818	756.0948236418116	5363.646690915303	908.4875448881172	175.99500856128225	3108.214853861347	18.134538202224046	5683.270372055581	41.42382377908244	9.781304316194198	30.48832555357732
JU1793	67151.68733483806	237752.1333214168	515610.003969729	10874.436240057123	52.63496420664529	15500.575879143385	14104.065008812671	29855.92020707858	10437.566037141967	32352.18601954294	6121.8674169465	52.63496420664529	27303.440252841523	52.63496420664529	52.63496420664529	52.63496420664529	3435.6946536245646	1146.0737106354945	52.63496420664529	552.0881395635024	276.8072767627476	52.63496420664529	52.63496420664529	552.0881395635024	276.8072767627476	206.01324990480967	4054.41865787368	262.3326616059201	2395.1540462233943	52.63496420664529	52.63496420664529	1300.4520606535852	503.50606760076886	1112.6505083642749	911.1638653812366	4776.46509686044	706.8875692952463	657.200163084173	2615.957721070271	896.6892502244092	5151.278676975961	232.6465417933722	334.75837235426405	52.63496420664529
JU1896	57631.439257013626	209994.20373998836	573284.1762101683	14839.996386419743	7213.846883398324	19906.35854469145	15003.392876349826	42298.50247673464	9559.272144970255	5639.688333322623	3760.8281936201997	136.49623243099245	7622.180612570732	1993.0339882758556	1156.102089270132	86.4966125205012	4124.244162612624	1142.9354526956347	20.999420373998838	1181.9103769097767	1346.2728401770655	439.6018661092917	86.4966125205012	714.4422799641885	109.59597493189992	374.5036629498953	2619.7826887582246	1304.7149872569219	2098.2200849292158	152.45579191523157	73.56096957011792	1402.3622919960162	72.88898811814997	20.999420373998838	438.9928829184457	6587.0981829159555	215.53805071872407	82.69571743280743	2145.6787749744535	42.859816983331626	2778.1183183781764	182.10697348331792	93.9094079125228	20.999420373998838
JU2001	102996.81132733612	203746.41949843947	460676.64702772157	16482.149002775324	283.1138896379878	19231.115170408953	35776.5978488041	40449.65681219019	17379.00778242783	960.5370264229556	17286.610279320725	52.3673242174114	25627.891314783396	2821.2062584293294	2015.3292438955016	774.652126677973	3327.624725702169	1223.4597957021917	165.66756201607487	1781.1744203546389	2102.569415759052	793.8694590023571	92.01922390913896	908.3831865053862	134.8846241142794	36.45338053268954	3.7453385937213133	5628.157758170954	7568.055882788909	1512.8920715477875	942.4432956766879	1203.2274766189091	957.2411284604808	2108.131243570728	1204.3023887953073	7134.9823811969145	1562.9223044827168	183.85492622718556	4040.845808765925	26.37841971557921	8750.758903914226	18.913959898292635	23.18364589513493	3.7453385937213133
JU2007	74307.03320751758	161501.35163639864	565282.2721618633	23360.07768628621	8066.886155698533	19642.956083724664	19750.448682369173	34315.89830924754	11617.544088166287	36310.06017317405	6731.045579777977	81.00421902374364	6245.263278292587	81.00421902374364	81.00421902374364	444.2271371262101	5394.637974324255	918.9118606053478	81.00421902374364	568.7306217657041	283.75777924017393	315.2684204404102	444.2271371262101	272.9032138909923	283.75777924017393	81.00421902374364	1718.4235023696974	518.832022847078	819.6006880822381	81.00421902374364	81.00421902374364	81.00421902374364	347.99412492600266	81.00421902374364	176.50819325273739	7581.91389640338	251.03207475458154	402.75297698605334	3154.223284565553	1771.5622700492734	6004.51873935402	304.3328508722048	81.00421902374364	81.00421902374364
JU2316	72552.74261506557	266609.4758746386	502624.42173087597	12286.238777732442	1006.3371346009778	11959.707729493191	16624.870932877635	39117.2919520986	10264.530380880768	1101.4183779274504	6466.372451746356	182.21665014245175	11983.855554972	688.3550721782983	613.2848368074328	503.5684815143009	3586.159689342618	915.0299450846325	23.23654554897567	1211.0320230126636	1020.873907006864	179.90239247891697	84.75558944526215	456.58402470032775	64.93688996405643	16.61282979999182	62.205235498127756	4772.921508756398	13454.840558256728	447.65916322924556	624.174304170411	839.1904758161616	1436.4262963053702	2234.3840869510177	581.2217693481485	4133.932896086363	677.8830016177142	210.17349460855218	3701.654040162082	7.473806618780851	3835.679934878406	555.0415929466881	17.945877179365013	263.3795676341245
JU2464	87761.10125346131	266160.7169162351	388450.7760399107	25773.852860905867	176.50915521937958	27679.247078578966	48628.282333885116	42873.45602218274	25120.24846255427	1120.7696886829738	12527.73894620803	317.91386993737467	20342.24636900025	902.4891266801026	1384.0069538328642	911.7774163471902	2125.570994945677	767.4204757312917	26.97862574926076	2074.157376676928	2229.1233395984495	708.0220359550557	32.23565958500089	963.3608019921344	209.97059280877306	14.228808055684135	54.552876021782716	5091.841546462708	9531.459852888627	1027.3803672966676	361.90088485087176	549.2406231888752	1224.5464715619028	2157.8958543385093	801.7624017463756	8856.907886762432	894.7460078777069	352.28744749717293	3333.425592790487	19.051352504890733	6333.646742133406	16.50771927511828	15.561050346843237	95.0841177351026
JU2466	99065.67836768567	195758.52611578608	482277.82343070937	14755.387887125611	135.65472652169078	21860.76985670826	53495.34767701929	43082.77371062416	14821.886465239488	1860.1153113818461	12901.613965574606	55.150515675711006	14652.34771747012	2024.4101034819312	1133.5486435882829	265.91126338382503	4683.107491961755	1548.7880699391587	140.78597273654398	1291.9706799048943	1755.337043297509	703.8586787641323	51.09297531622017	739.1663983835614	258.5198960038169	369.05227834064846	53.30563986898345	1802.3131574887486	3055.4406001510315	448.2573644224053	214.97252205787794	368.5421197574376	572.7301266493005	1744.1432148496153	630.7399032216117	7980.600543616682	1214.01132989842	226.13669012302668	4002.573738188146	55.69033464166665	7827.908893246369	26.101136815438142	81.97536583012267	5.932076548963214
JU258	121207.97266603028	373467.4895816458	212701.6130577448	47296.917266308315	479.6092579038793	17420.87158732472	17538.72821445807	35713.85615735208	22763.248908444737	56905.46792312685	9519.61594839363	100.16778647110664	39278.17287907914	783.086304568911	689.8034726883227	1071.4011228499996	2428.314542576339	1131.2708485749706	65.54630053021457	2095.9232413452646	2198.528225099991	223.35354728750826	957.56050633494	407.74003989257653	306.9054730325551	257.73233538569184	3052.2498207535923	3685.7831599314304	8966.701723135267	423.29824896725427	251.47584047208173	3019.7666305426683	1378.4649881588489	2111.7369218333197	629.5428757008845	4246.374301161781	626.5947355905105	84.14972885234975	1855.0545739566085	35.57950374105696	1569.4554167997203	51.38807480084445	276.37408441983365	725.1121767311997
JU310	92533.27048988355	191389.29645149442	534312.1491835829	29068.49284296029	103.99953075411725	14909.372728910246	8589.945242167067	27222.709171136223	14224.63981842514	21032.761100181917	5086.097051530103	318.55056269986113	6472.930794136257	103.99953075411725	103.99953075411725	298.47865326431645	4973.257560661886	974.3716036353244	310.9585969548105	387.60625112059495	940.3637570787281	103.99953075411725	298.47865326431645	387.60625112059495	940.3637570787281	1736.4801650014954	1951.55119460101	3295.9531286594834	5459.143368345122	327.07852422169873	103.99953075411725	103.99953075411725	1816.1438055591493	2790.5154091944737	209.97505259256272	9327.093916152251	8589.945242167067	295.4626668724471	3128.097886022338	1431.865539422686	3650.383529469515	486.61380439851456	103.99953075411725	103.99953075411725
JU323	59472.80598045848	223824.95570940402	501849.69685306435	36826.078819869224	50.48368162950824	17218.822679147783	14541.269172881923	30581.095951254167	12727.844845068357	32874.82202609088	6192.732258128516	175.73369575231817	17697.7108830853	1373.055172959365	709.3966942578497	449.20379913936426	5045.5915604612	1998.3460536224538	50.48368162950824	879.880087120699	716.4139260043514	50.48368162950824	449.20379913936426	158.51876031665586	452.1823363555053	145.94832359090833	2247.281087737559	1557.6235129968472	5574.307158167041	170.8872623158854	50.48368162950824	1433.4841398698863	3569.8020953857863	3741.2446781995964	353.4362550881872	5925.421163900271	304.0632144545281	135.90207094663617	2351.8832760739	1536.7232688022307	4211.09630312543	222.63303598613132	50.48368162950824	50.48368162950824
JU346	84680.00508068831	172106.335544276	581883.3249354092	15524.947612402271	13.659232979704441	17006.701206040612	12200.112735113475	22986.713404555216	20824.730008527597	3454.7341829257866	3678.212893706731	205.33924938389688	10213.991963699551	255.59156751622953	144.32345566355716	126.93525208039337	2274.1803357229114	985.0492455643655	50.033770404657375	792.262831288817	605.6640495530746	226.25153507582436	40.14448572735135	567.7869965003542	70.79580453380812	339.62316880737126	3835.034547546718	493.7539537503561	1400.1943135165227	45.212061162821705	569.9997922430664	1893.019439424259	208.78137609478242	421.01853813343	556.0946930697273	30765.91977115649	314.7770240172889	95.47803852813405	3682.023819708069	47.49315307043235	4320.825168469906	65.60529600152043	13.659232979704441	13.659232979704441
JU360	91557.8363333461	222527.98632011932	512360.0774945527	11245.667040554106	6.06343286975802	16791.52528054958	12916.082161843744	31183.507637221126	15848.72210363091	4586.744428657152	7219.426346377386	348.39878926342607	18275.126035121975	4785.333982007466	1190.5671708427267	518.3628760356131	1812.7784616386855	1624.5695053613965	103.90298565617343	1498.0741688325047	1854.185644706263	507.1273349279515	518.3628760356131	908.5326543388022	177.10074725989224	641.4081192616126	5473.715515711094	1946.5135370140683	5660.942195863482	267.5732291095517	909.7999118085817	3952.8003952582108	455.1333980697765	666.9048544789451	662.9090522177745	10394.542968626174	522.3101708338256	190.888993605722	3176.468767778743	54.16464582554839	4366.999558024252	33.31250018645056	48.634795048329075	208.91557952751256
JU367	71321.92533264458	189007.07273277923	521141.41683560744	30279.11043840302	8880.845333069421	27410.251754980945	20353.451013352038	41476.00749292166	14894.122428129884	26171.920483547765	8496.193334928852	249.75081995397878	9651.290877216004	876.4109655698245	49.63251588910548	125.37173513588044	6032.435246193658	1107.1525319382758	49.63251588910548	769.5521588605803	698.776191202716	244.98609842862462	125.37173513588044	239.5761541967121	165.0777478471648	457.61179649755246	2412.189904726415	2534.434791361282	3872.6763172792325	49.63251588910548	49.63251588910548	560.450369419779	114.75037673561187	148.0537948972016	763.1495643108857	116.9838399506216	762.6036066361056	128.6971137004505	3061.135049976469	88.69330589383148	4814.751101370343	147.95452986542344	49.63251588910548	49.63251588910548
JU393	96317.34123898936	195644.59939169712	536768.5162797844	5827.366362565173	1330.3632097507823	12034.132752104553	20902.200789711234	35617.350145667944	10479.962153706048	1543.0389223459363	11847.86906042728	139.60329081038654	16118.92443923308	513.5235968255624	193.8938310535509	376.0155426223365	2544.449984772496	1398.920756164972	117.35666046588109	1808.6925169746605	2174.782022485979	731.3245290543534	376.0155426223365	1266.5780538208996	519.4447722652718	354.17023453299345	3144.794634974266	1961.111365133235	2965.8216309324425	307.6904286809284	909.0885498024999	4113.252123723799	313.62330935308	742.626767065366	1331.363171036562	7786.420951140702	1459.4485131237861	310.370926910201	5010.341138096941	9.75881950470038	12655.178941968454	9.568191433498212	21.43228060173831	1.6721760631768985
JU394	99172.75558888064	206117.6707066704	453894.11648829386	20561.714363300867	85.93832234305417	19391.693467818885	26099.067141267475	43213.20698073482	19137.07752165182	790.1799149851346	18840.77171177169	262.1735940929747	23550.949095395554	738.1282081881243	357.8737488043388	711.2769514476489	155.03903828267954	1656.738396092765	191.54953488568313	2284.0169562157757	3627.95080218044	1496.0008104434894	104.85886750023056	1657.3819309017588	723.659556009107	347.3720068488767	2331.0633922761685	5288.0840775554325	9435.059693076426	843.1300834236868	155.30640057047404	2593.843214812398	457.2330362219132	1811.460330266665	1480.1331695492684	10101.009410151477	1777.6296742692293	478.395072187227	4753.856920176334	26.28233466295915	13241.925607612355	18.208615344328337	13.955689650109253	24.261573185442774
JU397	65210.88636764138	198738.63729224604	555902.3768717928	30601.920480995035	1033.1698357060845	17228.122171372877	9800.558904249707	38594.93753855625	13343.526898372504	12148.842153895306	4448.937258684674	50.53657971561753	20841.790840517824	131.59725357946803	50.53657971561753	558.9345716547298	4453.788770337373	1540.2033399928755	50.53657971561753	766.9431337642116	727.2213821077362	50.53657971561753	558.9345716547298	144.7873008852442	727.2213821077362	916.329263403577	3759.1634821462094	1112.0574366421636	3458.976198635442	50.53657971561753	50.53657971561753	279.6694321462274	684.1642161900301	50.53657971561753	138.82398447880135	5411.052663310599	404.3431743046558	195.93031955744917	2271.8214045358704	168.03412755442827	3086.2183866530468	155.24837288637704	50.53657971561753	50.53657971561753
JU406	90788.31641378302	170608.9167507332	570930.5535551321	6941.954959075369	5462.263824096261	17729.678628736194	15716.9808651254	39416.63108150564	15725.08478867106	1886.3679539324728	11570.81859754669	108.92160699414666	9687.661747154489	2200.2944539294203	1009.6148239260531	139.13766478582116	2677.5180599592118	892.2297960259505	38.08844066460119	1195.3470025116192	1413.4887821042262	645.2490163268711	32.1597808075132	549.2936870057803	291.5462660246101	279.79862347120246	2340.084088504253	1714.6500792228599	2351.31381113181	56.258290298554265	503.05257739073335	4688.960629396767	181.60100552995902	350.2296402112641	685.8173794599562	6478.264296049269	873.8771511240501	39.59345503736658	2974.401947807881	20.131852176586516	8701.7250036032	22.06948201682699	73.95896541144285	6.093175598240471
JU440	67936.45372722043	269969.14644790057	502233.1048444184	24387.11234862555	978.9624204908814	11190.733910822977	12663.785115539178	32617.551617233577	9802.564625448049	3131.430949742559	7391.167028809916	135.34654302924355	15564.550806858597	968.4200499117148	355.90681105461215	270.0596388992239	5258.410771871501	1748.0125180621046	65.42604230675937	1124.4441180683366	1548.8386326994805	716.0366031709792	270.0596388992239	758.1306751115429	137.08098167960716	180.27604511127126	3661.113431488384	1265.2352902521998	2353.0902938354748	58.62402638228991	56.135483970898655	1729.9592740231028	1033.815928068033	1630.35724926657	637.4589912718975	5530.038946593663	641.320002528359	205.20671545084554	3036.5194503796183	41.294721953874394	6631.286832972789	55.36629813465044	15.082075220553104	15.082075220553104
JU642	90819.44016423036	271675.39428437874	463492.31532089977	13063.515248795393	4184.255169180254	17380.178898325426	24377.73847035855	34807.41166177043	16772.15840495007	4532.234551726752	6522.6600218571075	87.44502820640422	9247.298031618599	138.81281673377623	41.53423535096914	654.7846757978515	7935.661754832953	1848.5357533979115	54.93010277519312	1325.1574124032015	1310.1722047761034	582.5440745568728	67.89536078484532	440.0593339061117	195.69240576766705	323.99835278589177	2993.2521625713703	1650.0013254940707	2620.641921511366	187.5734609874682	1057.5062588295482	3193.8848327134883	315.5897253086174	666.9200320266926	460.51719572931296	8418.4923474991665	425.51256495566855	126.18421699369834	2733.6416611570844	25.312004314737653	3162.951418223068	36.946287770258884	35.419581664049836	7.829262083123306
JU774	80607.90407114531	229326.36274504132	496769.6413686862	36444.14565225897	257.8953036297914	17073.378949741997	17142.42680555488	32677.007115253447	11696.644287954578	3097.2243674269735	8544.62529178343	63.98018060344627	22875.64836092825	1359.7928549328794	589.5812071957189	755.0398654825295	3185.3244325044216	1437.7638182661933	69.03535846341188	1496.7950484801554	1853.7131006227717	695.958645870694	27.79410521770964	818.2389617442011	282.7087909992889	401.85227215622905	3953.711467219196	1484.7038628694838	3168.5467408431014	233.5192234916877	6.248674734197311	2457.503794164055	334.8852250298365	596.8421672368562	568.3294644247138	6638.529550863881	911.1005169691074	87.96884290802974	2667.521751980427	21.108023252118517	7139.048397073086	37.78573611769114	135.9149241435257	6.248674734197311
JU775	52441.759834064214	215953.72630131873	444326.6056375846	26771.351211794223	307.64007255988116	12552.114405573471	11107.469478072202	28636.400918589155	8532.349950288155	154382.1767582851	6145.957026211791	322.65292605339346	7422.408624962875	58.86205487815072	22.440737658463863	426.5984228873981	2258.570482373754	831.272245082477	49.706233913497464	1422.540800907683	1121.6105089076825	22.440737658463863	426.5984228873981	292.537456115735	1121.6105089076825	160.92252974884437	3249.4412536832265	1396.1504934213294	2799.078089615515	106.8852334672634	668.0383193548108	1380.980554764208	641.9846229333343	562.4995301470553	398.18844901178284	4002.3280021246887	647.2357555454149	40.88702401372117	2448.441563702017	57.223881029082854	3885.1649108098495	22.440737658463863	74.54813050141696	500.1591609318426
JU778	74456.00698707842	226310.05163245724	468461.8068791865	21358.01112281315	29.947609132523063	17009.440849690323	21313.495935657047	39604.259035680014	14653.688998227422	1829.7031888453187	11635.45973262083	137.5761434878871	31683.407228544012	481.94083355441563	692.7758038562454	940.4427350612576	3536.5019148500824	1345.4788868699316	126.40321623879267	1866.010110428714	2461.823372663033	829.2520804931987	940.4427350612576	1229.651139343924	419.16016213105564	364.5379680690458	2934.743487559379	6722.087463638877	14226.755085822791	895.4726647013721	256.2938703732415	4619.712345983677	1550.6153700716563	3099.2030020806856	679.1677804515858	6592.7512691309275	1097.4928584921176	182.58016035551753	4082.0901873256107	11.335870486269783	8612.636372966099	24.484484486115548	27.295255327390667	668.006168705073
JU847	73090.73324096063	236432.63274467262	509728.4179065254	17769.43772258631	4982.169452068709	21373.76422875577	20009.192017726702	39959.08520578922	12855.007490942136	1708.0923015456458	7630.99033615299	249.01059457805187	12513.387759489819	685.5847220842768	456.677257005456	280.8972214189127	4979.156842715994	1509.9401458714347	71.16495131295967	887.9125831271238	1091.0603315254561	455.5967852966766	39.33552591550481	516.6752154223836	153.00750539503358	180.11463385352897	2970.388331764838	2898.174687322769	4724.782023889649	151.39950926373245	265.72612748446284	2594.034612733231	173.42206497503057	226.67660878598792	693.7581727753962	5793.209650974143	779.1345049167724	41.45833503745967	3338.199968581154	18.577757675071993	5648.331106258692	19.702719395389387	47.623379493436346	6.355715933996577
KR314	63324.36651434531	187844.54940809996	590672.6624447335	14945.934054973202	27.399761611963363	16499.509584709598	12540.991685015788	38952.99960686211	10666.430794931048	2013.1454679950855	6243.143973273967	100.80281301523053	13388.101424966935	398.4965135120389	286.3591710282743	496.24485708363636	3150.3286989599683	1139.7800621295048	43.16699673650161	896.0876785560222	922.7264834947459	262.38105375822056	29.554918623586037	729.2732044810897	258.7891254055161	252.4247605020575	4072.4379029155834	953.3456771858	2056.418892238334	139.85106524063102	258.73591165214265	2701.2950838692122	232.25674797353912	335.40628751253655	862.8290826976477	7215.891384939709	833.1145228139413	89.45231942068442	4640.436185047912	12.510553418086205	9145.741364779413	24.1271157794993	20.45536679673474	320.04347691363614
LKC34	93884.42928192015	365601.9465794622	325379.2806566641	54249.59393989683	150.39860469092386	20998.09689849474	19919.53531275723	32440.254996604737	17556.778967995313	7659.109877543062	13645.304102860317	203.26751363256182	7512.6540389427	2727.892328076133	633.2799208005822	345.0995629085355	956.6584268829263	527.8646928701706	35.843328096025715	2020.6317780853533	2391.4668505668355	1396.0617860121054	345.0995629085355	552.9191792092926	167.24496889605595	150.61366465950005	2780.080213783946	3171.0592366553947	2608.318985547791	131.00736419097396	1770.2661313346136	1961.9562499921592	261.62045177289167	885.3660472999311	718.4078250286433	5231.62048223972	783.3559355386419	122.97845869746422	2123.5021297209473	76.84809543787912	4738.703034263175	110.28992055147111	154.52058742196684	918.772029085427
MY1	68211.25802448236	183226.248756705	528692.479892695	17183.070611376592	433.55204843475303	13807.187515341162	16197.60397213844	33756.00588603427	11842.388683959793	41569.19285834773	5048.754890465976	184.50156802117894	25225.00788720392	8.071640914392288	32.08477263470935	442.3824235950982	8365.6907929036	1457.7464207801618	97.58613865500277	671.7300285366408	694.5485574016277	8.071640914392288	442.3824235950982	72.41876228392762	694.5485574016277	164.24982096696868	926.3499411811455	2565.377345257644	10949.745915237148	246.12854640256407	8.071640914392288	614.1792288170236	1206.871749519935	1755.8079048259258	789.8181351142	9626.642536549964	1062.3409473068268	415.568432477487	4866.045226727792	18.18540698012583	6199.052508816936	63.04758718231817	64.02425573295965	93.97811516626942
MY10	95721.33616389292	192759.1823366993	468830.6163968399	52247.91350928693	4937.038676192212	25246.21333605297	19251.69882245517	42384.600339664634	16859.884798436367	7836.850645681725	7558.096154972949	140.18666144099234	23969.858774552875	692.6499321888023	498.5582617594019	491.1789099049046	6152.150924438317	1632.9601630840964	66.18290495144629	1103.7071614170989	1370.730374818725	298.2435481706534	491.1789099049046	623.3975532465963	99.54766675511377	55.01927009464261	78.65001506459991	2753.128955561228	6604.85629048644	356.18512569485483	21.023794457257395	21.023794457257395	771.4891614035174	602.9834488285994	696.8546910802537	6394.744488680611	830.8813807452696	408.8917783991991	3062.1156626995394	55.7130553117321	5760.64582405527	110.31184951722956	91.95807695604385	59.56040969741021
MY16	98060.3633932586	155674.46414063306	517944.9461127604	11524.97340374525	66.59375301537436	16800.009895658273	18495.843123717357	41901.16417990871	13431.825550299263	25157.48807164787	9420.603824932059	118.42607506653505	32298.814055346298	988.6870668556265	560.0556161135687	554.276747220423	3285.45864413437	859.8497164116114	67.14952540137176	1245.244403365526	1356.9022764957783	2.909803068049216	52.09711413035316	753.0337555865927	70.21354803202759	382.8107818294868	1392.5037170333605	3407.466686777673	13284.29853474917	423.12901314037674	183.85590685468972	2863.2316699450885	940.8062573708768	929.8508488196715	1021.7744375424143	6285.581999415834	1175.7583061005107	66.98366662649296	4748.507626749516	7.763354585555308	9524.221912185292	13.268701990304425	22.30946012273334	2634.4833213565357
MY23	82650.23044302843	238164.68170510637	466487.8476372745	23410.01356908829	116.14956915221758	25523.971157115433	19960.168630042503	38024.27083127072	18911.161463805012	5075.210635009634	9589.317089740965	171.06522716521317	24483.32927928494	1788.3215141321607	1542.2836198087036	616.3347667960328	2963.4969125787206	1417.7687622494886	72.00052939481645	1540.8467585058547	1718.0924575764734	832.9268459268584	616.3347667960328	597.7343019851794	75.40569385225311	541.4408317639724	3662.4807288358893	2272.9964829178252	4352.646546960505	294.2810046424005	86.21167817093934	3291.8295617954877	594.919628474119	720.2808563898068	633.7345666825877	7125.080272323402	326.3052969675416	90.38448085866516	3142.356620236101	34.878331899293265	6040.1318904831405	118.92487660018617	19.683031545876563	302.4691457654851
N2	122229.02267241295	243051.56989088113	406139.1198441179	16794.670792924975	314.8100909612082	14372.231626099174	37443.49842337793	32657.03525888019	16848.52229474448	2297.0974071201313	11358.146398693516	166.5374938203558	25008.81403708799	4503.288515498881	1286.8405511497403	1004.1272689182387	3736.5605849316057	1542.4638768116731	102.23364834016806	2168.45562501931	2734.7378771075023	1127.9644729589006	301.0918160458244	1242.9413895977032	511.2875606924005	345.24552477985685	5820.840638704881	3332.164658735616	9581.737752429382	744.6755081842442	1557.949209173497	2674.5226957381124	240.5959509534308	705.991154749064	1220.8082848489512	7776.574365570581	1402.8277019170862	195.44564454703323	5351.560181269775	69.52774456783017	8149.482578079495	27.68427878467375	42.17187710278415	1817.1248316698805
NIC1	63900.247801623525	267512.9612076998	485890.8887241894	11047.520975131694	13.648620469780603	13546.965544521678	21660.224199337117	27669.984764590914	13711.131151532198	11311.007593300808	10353.693353550398	259.61040995569687	24293.45254657189	571.3039556240765	565.5715350267686	91.03629853343662	3784.8306993725105	2384.7142657210065	180.07989847828526	1849.688343305607	1715.9045654608174	555.5261503610101	91.03629853343662	579.1109665327909	98.80236358074178	569.3795001378375	4074.304290916087	2781.0702041634354	7977.304746315958	659.4740438588592	1390.5760479431272	2739.974207928926	921.1317468850231	2272.1677413271955	69.64891025729042	4810.620068019811	537.9467271959327	111.41368889481906	2604.8938111395073	85.27658069518921	4599.967259689217	80.28118560324951	61.978385553273725	13.648620469780603
NIC166	146429.9712361773	326035.48283055105	326035.48283055105	17197.85692644394	219.22740263941282	18337.379538540474	21387.12688477895	38323.46903446828	18445.62903876097	953.9626629999382	11521.807967194105	48.89960250383125	20186.429720246055	1592.4373770349312	881.0851527061828	734.8668185378078	1945.356487397124	1332.9646119885754	40.90887321410703	2181.3318179966745	2872.487002152183	990.7102938673921	734.8668185378078	620.6171214490811	226.4230629446906	475.471272421596	7123.617903413727	4300.09342289364	6572.6179374300955	386.4063864013414	323.8676328657655	4163.215719312324	481.3799505578058	1166.5234980035789	846.6054704166643	6822.063681399224	446.4512544893013	58.64062754348789	3561.222659829844	16.37899307167163	3303.05403671481	13.270216143278569	235.00580403218606	427.3324193777027
NIC199	72829.5949649858	299250.3159452387	440582.9952832309	17498.21154671117	309.68441732289557	18782.680432959973	17884.929485124256	32791.12853618059	16295.441602140907	3870.8785506870217	9833.43749047041	366.98183926267546	20826.956687670216	846.359212853988	552.466559191817	114.01076494964262	3043.599249543663	1724.9941947241418	116.4408217321377	1516.9683546107879	1704.9768723852508	684.8794158593453	114.01076494964262	450.0652643306523	176.7523793843299	289.58056477216485	6140.479477027552	3485.04754694529	5675.956456468702	305.5742322605152	68.69777734964552	4695.287933137702	290.4170234866142	932.3774542735241	447.7866354188766	7191.295158756511	547.0584209518429	122.12297230960391	3236.136181737731	33.616987299679586	4000.796452913176	77.3435876826176	38.11655831533811	253.54794239196343
NIC2	58748.86087107213	232244.6690418386	554893.3032140573	12931.274064015795	3484.5584883883434	14549.286823382045	13812.790658489701	32721.247572224893	9891.783648098639	8381.055456317288	6423.622568558081	226.55545399484055	12825.844336405125	120.89192302607384	107.19104624165935	277.2284351394726	4391.590822675771	1266.5595514766258	15.586890539720711	1058.2875200848775	1167.7854261264156	177.64379148119696	277.2284351394726	442.8547340145449	67.41330158429209	231.51208518647175	4151.163036100579	1843.6329999287057	3226.3148859262506	49.87804972710628	243.04638418586507	1527.000905504819	408.32977146906353	420.8460445724592	711.5259662477108	5870.1164986020585	733.0826358641445	42.16253890994453	3009.360956503878	41.32084682079961	6899.038316910102	55.380222087627686	15.586890539720711	15.586890539720711
NIC207	72509.65932201265	226966.58732888632	529578.7149656232	17820.60792278174	4901.134758020631	18476.69136785403	15393.070759595417	39793.83629791928	13215.908079601622	6531.43637376529	6918.390499202856	266.7268405863444	7793.92619713529	25.833108047103572	25.833108047103572	707.2329990055545	5153.73088850521	1569.3871469695891	25.833108047103572	790.5964386735577	1365.4864251538006	253.11279264552078	707.2329990055545	374.6575660071431	108.93821663463576	219.45225286014485	3105.6820825308387	1148.7208155305545	2234.253848777894	96.97748760882682	221.31223663953628	1391.242033876763	191.08750022442513	434.7970415408002	478.94582319330027	7269.539936887134	777.0340569488284	75.09684509293008	3022.0603117823644	47.09375596986981	7778.710496495545	104.95991799538182	102.6349382711425	25.833108047103572
NIC231	70221.34223784659	242260.87939348322	505235.5142741416	13719.170558188429	9.005980646597889	19127.171876663997	22313.127590204465	36424.14836632637	12611.524998463354	3122.9228549949307	9304.799084452006	351.64752032706116	20296.59846362473	1306.6957439761811	733.5461296460447	855.7752989816713	1388.9293532602662	1679.3632231324016	48.95651079490612	1621.4997974780104	1918.598093028628	339.49845243480064	855.7752989816713	963.6129112440344	340.37203255752064	373.7932267370454	5578.592603883423	1186.9342133377222	3354.160414076978	177.1026094153475	494.878636530554	1961.0342738353975	158.65836105111504	534.5679932401109	898.3105455755531	6406.044093731544	874.6338224556472	103.40666978423697	3774.9468478279714	38.392495496446806	6145.456043722234	49.84810287891932	50.73068898228591	788.032312557962
NIC236	67963.5621412117	191418.92921583637	558069.1040044823	20872.425654246643	63.68340077511614	26914.260935984235	21857.98996464234	37050.42942035559	12022.08871492565	13951.886808613996	4592.210029893625	63.68340077511614	11519.817733012309	63.68340077511614	63.68340077511614	63.68340077511614	1869.6809633566347	483.42069528390664	63.68340077511614	465.7167098684244	548.823547879951	63.68340077511614	63.68340077511614	251.35838285938343	548.823547879951	270.4634030919183	3209.7070824666284	1535.4704760888253	2872.3761085608385	63.68340077511614	531.4379794683442	63.68340077511614	63.68340077511614	320.9643399065854	279.5064460019847	8539.052476332225	329.2431820073504	252.44100067256036	3774.260430338033	1639.1470525507145	4568.583488206057	248.4926298245032	464.1246248490465	63.68340077511614
NIC256	102038.0279197313	447761.81028067746	241102.5132280571	18621.983149371183	539.5056219659751	26743.21992931675	26536.43147020347	36070.572031685675	19604.475890775517	1366.1428101764566	17595.876685484705	926.2297477817567	19513.588854092584	1494.7451685714937	1243.0126177512923	846.3300970587874	1433.208057472054	739.8575050564687	59.048588730764344	2970.1461658584576	3207.9593519417604	982.2301118809949	141.25593493748795	371.4528648439974	40.027322597879404	33.3625602679324	90.193866957403	5929.098286459897	7470.647480411788	543.4149270018872	802.2556965602943	1057.1914664848111	453.048843963607	1558.6976102052356	491.7328811306444	3496.830300603126	351.0409538580292	345.73669856701196	1759.3250390251326	33.22478740323066	3262.8575331233847	34.262389290515685	333.12187064275827	4.3054020219295905
NIC267	89844.74541556467	224167.0875715079	473241.6293176278	13353.402123131675	142.94565861196781	15547.10835852193	14115.890459571334	41631.03054899432	16885.91960248472	541.2567702530147	7658.455054416214	143.49895991541814	29888.945009534385	1170.5560537016738	653.4381647515975	660.7111413705841	3169.5624989128564	663.9633432442406	27.798497962736594	1700.9674067655146	1942.8170076971273	844.7825650325756	660.7111413705841	1087.696070078218	419.5891939216439	393.67120874909057	2921.9646133785172	3544.419684240767	23128.350304996846	438.93872760757824	77.26648105738562	2556.696797907832	1602.565171737101	2275.616177547336	936.168014399227	9414.679648268104	710.4032915528046	126.15803449827933	5238.891582778317	11.041118614831571	5922.90364752925	13.34149991824395	26.531776007570613	495.88428426621965
NIC3	87194.50086088962	237063.1349014572	521538.89678320574	14127.973359215955	6955.061322667169	16083.888521452483	14275.117416340008	33065.35991419881	13178.483968471512	4531.987485375266	7261.882861786586	345.59682231503734	7303.090618888152	555.2018619392127	146.42256062652612	114.98592752002854	2999.281554401949	1310.608694849117	20.614185643604973	784.3903779248128	1115.8252547026937	490.47331901829307	114.98592752002854	578.3928207882684	257.69793473070575	99.36037480217597	2780.5444305376564	1943.3405089939279	3027.5848312906187	20.614185643604973	155.16297533941463	705.8091022513906	269.11819357726296	307.2544370179321	498.512851419299	9319.199203204005	303.29651337435996	133.99220668343233	3383.1383052715173	41.66126918572565	5462.4705969563065	93.85638723533344	20.614185643604973	20.614185643604973
PB303	56417.00059988701	116962.0744143999	527476.0218688623	13802.212793101628	314.63715367076827	13977.793507163715	12425.59211098422	35997.8533835814	12090.254963516112	156866.7821557834	5977.1289424171355	100.00028025030379	10631.393889467325	178.06214473887917	84.71723586015554	470.38018256257016	4133.843343630323	1430.9919931020447	37.542532513014244	749.19024747840194	353.23922497553644	4.586748016250977	37.55629275706299	510.80777957780623	353.23922497553644	90.51947210071302	2346.181238036586	1077.9041308110445	2615.005952521039	127.24097671881836	75.58502055979984	1596.33508559186	289.1761154325591	345.55642204831605	601.3318384265356	6322.235863159858	764.2944086959166	94.1521765295838	3950.3780097282997	14.902344304799422	7916.08493132691	29.96981153818388	14.003341693614232	346.23984750273746
PB306	74523.43742029778	311024.7570874528	428764.9824181516	11517.88649952532	119.86363286267438	13356.84589753003	18765.920324536164	26940.52888813937	12708.18573127171	3280.2664979900687	13605.053181796537	66.20675792005999	29170.242912581198	1924.2904352992925	1360.7911615012658	780.7197808431087	1920.7173937791415	1714.1853852243407	68.3301654520356	2119.419337059782	2430.535972357753	179.84649274429944	780.7197808431087	1030.618304762488	210.21053987221345	407.31992750387235	9587.525296538457	2706.415612473661	5396.245506500449	174.66728398842304	310.9124614968195	5302.631818672485	653.2234507140539	849.6454532151694	719.0831131721563	4926.577705918279	868.7493152095782	130.60657769992918	2690.292687976064	31.241994472865475	6102.822974352074	25.04191671123157	142.26149884899402	610.17340474126
PS2025	74313.12976695294	244028.2504509401	515505.4947797637	6084.772455071219	3441.133075186034	16135.255037841047	21920.431767050002	38160.79636681368	10352.555412957661	1232.4497828021367	8673.61427034897	47.62065693985012	10195.69445526039	751.1182854003381	316.61744950483086	345.0673274277738	3357.313220710156	1325.4617027888285	60.09321196289817	1311.4794531024968	1545.723141467455	529.0157556689269	53.96739991454124	821.913257537333	272.3910949786605	251.16164142091202	4251.045766497488	3023.881588735983	4544.348308397506	371.0401010251516	435.0062990754536	3687.772327493651	175.46936708350933	162.56499252262628	938.7321585556721	6515.755133336768	748.4436822163833	35.15144935507986	4094.2182831829946	11.983829034490611	9881.637796038069	18.832687750850333	12.693485949382234	58.90152393600469
QG536	82124.62762640718	251848.85805431538	461462.19332933566	19238.202412037856	7.821393107276876	22916.994660045537	22171.14661333561	34621.55301722323	17314.296135509892	5542.763189154581	8664.382856379176	50.76084126622692	20168.400694286294	1307.158144446755	1261.4108161622926	275.50857220382795	2051.0430214867515	1482.9908828914463	41.14834913738363	1504.3823930398485	1947.1436354496852	507.38941365526546	275.50857220382795	767.3568777549341	209.40997905423106	380.80798760709644	6175.3183567055985	1542.1206147824596	6924.631280562045	609.5133434569796	3101.38572325607	3475.4125630391577	856.5207591778906	1423.9237221452913	441.48635533335045	7131.984233229062	717.0340345027148	277.9879538188347	3269.099855655408	38.96618046045339	5044.18066413811	40.725993909590684	7.821393107276876	778.6275052225201
QG556	80521.80663350206	247759.40502616015	445049.3016210655	12985.139239478005	102.43474956692688	29134.67077622439	16752.71098455683	41981.4547405438	17747.556758479463	4437.41682538983	8013.984421742006	152.7344969243675	28446.45020670728	1565.873850793808	2588.030510983447	661.6162563681451	3007.8450583888857	1471.837686243555	51.20590444063816	2108.8959386227643	2533.3399163924873	397.8006654551507	661.6162563681451	1038.9400658115967	247.65158380360245	186.40454125370968	4247.926761916118	5232.013354268636	12018.464627534271	714.9510564371562	83.08886935780087	7295.780376079598	1639.0431676763023	2229.4653001964675	966.355736413192	7872.669798134491	537.5920275354664	204.98420256210662	2936.6371701295147	34.42479288724592	3655.6670804753426	28.299629818543625	28.616211280521497	667.8951220307063
QG557	71459.92321473102	236637.77851435516	415873.3236267133	14533.220457503474	413.56844823450047	24072.651617009637	40708.726749375455	32801.2762297126	19028.25463568649	1911.08435633363	9883.815273064372	60.95765745046768	47151.834580211864	1237.5716513494128	1473.2868939698074	559.6864190963595	2830.3401226713254	1253.6032751066846	120.72626863760827	1598.7078452677931	1392.3058145923267	496.61717948860405	559.6864190963595	791.225356368221	225.69328125806624	334.43536933031885	2971.9713475346202	4558.762372000743	29872.590852059686	938.9804623561879	67.80199517804253	3342.332900392608	4070.3455115695683	4544.558247919128	645.4031827295048	9777.826149247112	991.3072839987125	104.31098709586371	3819.8550512189145	18.190064880602225	5609.340390672396	18.500505530633436	162.45124921302929	1075.1701897878036
QX1212	59476.55869757188	161843.60786516347	624161.8024441364	16066.556694257519	3515.5655604565795	14623.247005630501	9710.165115234488	37965.28642891506	13200.441805968072	1679.4208134400296	4840.5940083394335	75.40235658865424	13449.655170270406	269.9370836520798	116.35975089779839	296.2769696333225	1953.7747445577525	664.6033605529135	6.447952504588186	770.6721792533891	881.0611261319389	299.1914441653964	25.114775005370984	665.5705534286017	234.7957425020742	176.97050444092736	1212.1312474800193	2486.6980190619656	4877.979236961036	146.5232727142619	303.85331382621365	1729.3344137780468	161.68240905254876	244.6740057391033	870.5574115019648	10031.982424738482	641.609961921552	119.27422542987226	3792.1117954258625	16.925875324543988	6335.9322257259755	26.93954556416944	26.26251055118768	6.447952504588186
QX1233	86509.43183144295	202261.25180895303	473917.46495430765	29034.771963015883	4406.22242203688	23608.853934469516	22502.575959894617	31354.81642655745	33200.439257628794	15761.688216354818	5656.927584335797	233.73206037533726	873.7223050700161	2114.209672379848	242.3029081457875	464.97689433885756	7046.077146503282	2204.018712547076	33.61116772725586	951.7674365327042	1065.2387387799201	625.7727207460496	464.97689433885756	469.0774568015828	1065.2387387799201	365.8911718789073	2926.961319192622	2180.8942291507237	2935.027999447164	33.61116772725586	33.61116772725586	1413.9209927824722	578.2465295797099	280.41797234849565	483.3958142533938	34095.84076588289	427.8029428325126	93.136545772226	3225.9662672942904	81.37263706768644	4575.252984537249	132.2599450067518	33.61116772725586	33.61116772725586
QX1791	53366.09829554637	298616.67388352565	468758.7322590228	31090.162495561766	298.981264008616	17600.84871025462	11106.144390502275	30003.68392279252	16869.689256537713	4816.322359616179	4573.557420609589	316.75937296540263	15406.866867502584	1010.5222967087564	1085.176465179638	814.3033636720351	6041.414625657871	2077.729677151798	85.07102918774858	862.0820314933992	826.1265005856793	205.3336861639801	814.3033636720351	393.1496848890952	76.45975766180504	180.26377470538642	7678.493733051659	2063.6495537495	4753.699665273279	17.361434528111957	17.361434528111957	2651.716064085708	681.9745096987657	788.0007903619454	355.2149504451706	9063.502172531791	367.15961740051165	131.47814368139186	65.64358395079131	54.6017115909121	3772.5181929170312	106.39087078827006	78.6820212814034	56.09479496032973
QX1792	56224.631313403035	191292.5999653282	581350.1670821303	23624.636095718037	287.64130246349004	15410.561742675585	11080.593963522893	37940.19715093584	11324.342581134963	9999.925276328138	4253.734689119636	72.70613272119701	13978.736631935104	1058.0573040894772	534.1546959344345	378.6696795251161	5120.559172181273	1806.1757620320057	62.60349228552812	827.3404948500445	710.7267325430558	208.9273865246319	378.6696795251161	492.7428369888154	710.7267325430558	222.93060263146882	1990.3247789673787	2250.5723833264587	3931.61588445927	362.8133163561151	14.944734372291267	2484.2183605028604	568.8115349437779	702.6117417789017	312.59900886521643	8773.739710550384	441.64679016995154	121.30640889988821	3124.7795651680085	37.34689119635587	3805.3926579508975	69.56773850301586	14.944734372291267	1640.0052605464991
QX1793	104118.97731980181	281569.3062835053	360687.9543301101	21537.98088372458	23.270190601942588	23197.983200504757	74701.96587035609	25809.66650233258	19639.38930270269	6744.469152732826	5541.702811090219	123.56471209631512	23669.50707267192	2705.81122281268	1539.6954313681333	111.32459183969334	7061.129906444061	2263.3750888979457	23.270190601942588	1543.1394195772207	1122.5539946377105	732.1500069089196	111.32459183969334	210.3159826603571	1122.5539946377105	782.3438080373097	4661.647472715353	877.518887599255	5626.732087549717	377.0934387044796	170.7566586370547	2700.203106877612	2352.825701571813	2535.729399703082	261.9525356060677	8964.93401016079	178.48236191689963	235.61067984466868	1852.4235228676396	76.2796847931678	2023.203451695296	194.4224424792303	192.18850418144382	23.270190601942588
QX1794	73757.83839264706	210989.97040204325	471624.6397222144	16088.109354903096	325.86780369859105	17589.152287191915	57800.61374039169	37588.129180868214	15377.090884897823	747.2626462654283	11847.423712817388	81.75063491846565	33766.16111365769	2675.671969190954	1343.6869669679704	683.7067935004565	4667.665513280833	1056.5881270745147	82.12651621027432	1482.8410580354828	1547.1380352343037	667.8063056469646	73.83585149094698	971.9332772693385	234.09603169850905	325.24369891219175	2669.980559064983	737.2450552337345	3465.512036878522	129.77478902190884	252.48584659775267	3984.944521658894	1507.0783092572974	1164.9199522137149	782.9890992368667	7121.993046295392	850.9952446548563	157.15738652517908	4689.757404299399	17.20898027497674	7525.35622500518	24.42164581779617	18.482012197234447	1503.3478647385923
RC301	61378.86623813116	157967.31465937634	599514.5074422114	13606.505132082086	31.469753589069725	16896.6978455447	13898.030956454979	41027.29951164309	14454.34235494818	4199.1233194680535	5726.505478468246	93.45765043793584	24341.668837131227	599.171927723673	446.3813732555436	446.94758140146126	4764.855660221061	1460.7741940027042	59.81346724647649	748.432007870198	950.7491219253588	132.04544928997024	41.537790872781784	547.1664232288844	145.4869451909563	227.58236829736833	2794.2514742585126	1447.0376988996434	5483.0835562401235	162.76818877056036	230.18502254793094	3085.6726214951836	823.6330141410247	1092.5866415035518	708.1455845804107	6611.360343143072	952.7427455651865	27.320732553437917	3832.044393002505	22.981389451951433	6925.011107671568	22.101149897373585	20.726072971573593	2051.614773293589
WN2001	82270.09743599132	298190.12251071515	409663.06550537504	15953.896128452727	27.868235748664965	15269.089971400781	15421.222670352741	25617.29047900955	18605.89317876718	21715.012900066988	3918.859179213016	27.868235748664965	32515.54274211233	760.4405488738208	27.868235748664965	616.2224288744796	485.26958909150306	1836.0987123007912	27.868235748664965	1519.8499730249412	985.3372113655472	532.8964039859715	616.2224288744796	222.4721259815924	985.3372113655472	300.5589225493517	5763.401966945653	2004.1720421009895	5962.464774898366	188.94663837594845	5345.239089536935	1016.5775036398005	1184.2049416680204	2144.878764395999	165.20290151808592	6845.497692830564	15421.222670352741	952.5362978893685	2484.4532169934814	157.76208257319234	1848.8623642736798	199.5923044319385	174.845311087124	27.868235748664965
