strain	ascr.1	ascr.3	ascr.5	ascr.7	ascr.10	ascr.12	ascr.18	ascr.81	anglas.7	bhas.10	bhas.12	bhas.18	bhas.22	icas.3	icas.9	icas.10	iglas.2	osas.2	osas.9	osas.10	oscr.9	oscr.12	oscr.18
BRC20067	0.07841268019145804	0.21379936771303915	0.5256880057779396	0.0126075255168958	0.023152415760171054	0.013600224174510657	0.013259848532780694	0.01167887856545981	6.539000799022274e-4	6.210313639208493e-4	0.0017892334585484964	0.0020163747291120897	0.0026498522705105192	0.0021750062242634604	0.003506133422223749	3.600492950858638e-4	4.131760885189528e-4	9.022274581400221e-4	3.3358574972237214e-4	5.790556171801559e-4	0.00999033344924705	0.005736489600927974	0.008735583725958642
CB4856	0.13271735645249277	0.22905794658279363	0.3579945091177544	0.010988322516039628	0.035981554335871434	0.026272356138136953	0.008821088206812999	0.03381432656505436	0.001722870918781692	7.761637013929539e-4	0.001884818605677318	0.0013105544530549898	0.0012829296726684523	0.0029207293446787265	0.033316407061912114	7.723430907406778e-4	1.4641896419313453e-4	0.003281453400045656	0.005556717491475009	0.0038760650832154173	0.010370791527895917	0.00470376670822182	0.003918536412240463
CB4932	0.07321502195720145	0.2636204508360723	0.506595926606669	0.02275790885967671	0.01275895984771504	0.010006127110984432	0.004958525991975965	0.013739866136075985	3.041640057146561e-4	4.896194048028279e-4	0.001288135278835321	8.471268499366628e-4	8.979452500978333e-4	0.001431316121289419	0.004410560711488093	1.1313446335880595e-4	6.198097937157267e-4	0.0013815934928817237	0.0012571836969871581	9.705043970779547e-4	0.003938457773990819	0.002179585302162555	0.00425065743923096
CX11254	0.09408551675942876	0.1147681088056825	0.6042561205670209	0.01104211146067846	0.019415884668675824	0.012022831310589349	0.008162810769125579	0.007855370121473325	1.9266037261595614e-4	1.6450365956161502e-4	9.089674771512106e-4	9.371890767688341e-4	0.0014219322585901496	0.0012977799305697551	0.0036599184911213687	4.7126299829940426e-4	1.942947029286307e-5	0.002253928050047655	5.76022354718782e-4	8.128866985708491e-4	0.008396929600268761	0.004940422374217194	0.010209900732480081
CX11264	0.08874293378122611	0.2300775116066278	0.4599153490172888	0.006507024866877988	0.043119331158711055	0.016070575888834183	0.009452329239665679	0.013305998815167374	3.504749289940903e-4	3.022809825618561e-4	0.0018538475173979984	8.051757448288592e-4	0.0010811897310489531	0.0013163295503352572	0.0029577415202540727	1.8396613960691553e-4	1.0124615359352429e-4	0.0020051337565007983	5.282548832726748e-4	4.547655926444896e-4	0.006182298719747894	0.0033487991205382096	0.005356394395808396
CX11271	0.07817814672166991	0.1826292771776715	0.581209664561923	0.011858535490059071	0.01733747788583735	0.012188485717493399	0.007143432036020389	0.010267353882480559	9.67807008145394e-5	3.422344493413299e-4	0.0015537394017346834	0.0010510218780902796	0.001262346379941692	9.819303389138005e-4	0.002561494161245888	1.3306305054717012e-4	0.0012814679856644347	0.0035136270917780683	1.8583970762911056e-4	2.3337458405381118e-4	0.00832789503930182	0.0039842082706840155	0.010394233169782942
CX11276	0.06984582971208496	0.19299870196263938	0.5355900271646604	0.024012596704854547	0.014429144629659756	0.015624441851153756	0.006172931214824834	0.023727103933852862	2.3225977960610102e-4	7.230465366722917e-4	0.0012513245956400085	0.0013023220808352522	0.0016452627038810762	0.0019318033684141696	0.00359017638469932	2.328652292020263e-5	9.797338788216851e-4	0.0023188020928250172	2.1193064509676413e-4	1.5094324156875343e-4	0.009739238913530946	0.004140390348257868	0.005872255630879178
CX11285	0.07696703590797473	0.23514043479166202	0.5042770770230824	0.038936800719850805	0.015933361389647863	0.012402666379209846	0.006884241449942025	0.004366425666607787	4.3151574971104405e-4	6.585915286267189e-4	0.0021913577580030025	0.001208895693166852	0.0015797943163346159	0.0027090538935738337	0.005125390997700392	3.823062394419938e-4	5.5508252036361024e-5	0.0020658834223774274	0.0016898570379208335	0.0020448435473285993	0.006773187172305481	0.003240159644301459	0.006515259835138225
CX11292	0.05751202528213414	0.17907372519718362	0.5852864235256234	0.023326692198556945	0.01529740222656697	0.011290455029403136	0.006919281546155726	0.008597221380696272	2.5447235805461886e-5	3.879685570900719e-4	0.001025574497431725	0.0010310965476015102	0.0010206631809212708	0.0022437336754391854	0.002470519440937462	2.5447235805461886e-5	2.2838894135402045e-4	0.0015159936258745865	2.5447235805461886e-5	8.545181783474102e-5	0.008380512720576959	0.003413339527529825	0.007477059507775645
CX11314	0.06511601077576588	0.1732002399099439	0.6099660622915416	0.011615975307368928	0.012191313872420503	0.009289858433152312	0.007719296228687773	0.011629241441686667	4.899684178148044e-4	3.5597669598302456e-4	0.0010977757524784828	9.319176966516778e-4	0.0010967214901485963	0.0011680850092883022	0.002177541190154736	1.0520031963225724e-4	6.378161588393796e-4	0.0023579957589536615	4.215794245344214e-5	7.615790259228548e-5	0.005592673398918157	0.003497389771978621	0.008950712282221407
DL226	0.06706568869832326	0.2059767930919077	0.546193634095438	0.02083909831599056	0.008833350284986649	0.014619877641261726	0.005738314581395494	0.025779132079138272	1.9260960948504666e-4	6.62179876550295e-4	8.998415825381682e-4	0.0012460033399492132	0.0010526053365319873	0.00342607592333004	0.01303399838741479	7.072816915893852e-5	1.2311019843662193e-4	0.0013345875662748089	9.421378516023858e-4	0.0012499311043140348	0.008888395807278453	0.002970554694083267	0.004447933896507031
DL238	0.05312336693464729	0.19674364608978026	0.44787645923344843	0.018620321278027468	0.12895026005818327	0.015850779517718273	0.00994625775493197	0.023730765079989093	0.0012406748835915961	7.663825146636935e-4	9.767542450667735e-4	0.001423319754149655	0.0015484033323978719	0.0016420760824006064	0.006497200883684066	0.0016081435920639552	2.188905503554644e-4	0.0012661199676598978	7.243224475303661e-4	0.0013120182158244036	0.008194319452092803	0.0023652990509897493	0.0047720498859583314
ECA36	0.05146516387707614	0.2028833319782258	0.5274115967568134	0.017858624531311856	0.01557255045853079	0.017317219513963672	0.00921872937937623	0.049338504212734155	0.0017015148775240537	7.551768468078404e-4	0.0011529132438717366	0.001945076955561813	0.0029916402029391354	4.253319328683979e-6	4.253319328683979e-6	5.276242627232476e-5	4.253319328683979e-6	0.0051119369015654136	0.0018667776000400697	0.003007228618278762	0.0073020560902913685	0.003677555997798686	0.0057794528370090775
ED3005	0.06893507520176823	0.26458761036247697	0.5087395922823236	0.018650307408318644	0.014211473798700993	0.010363208339887523	0.008749256183458166	0.007053948714639304	2.900353455705103e-4	4.1046573066110605e-4	0.00135846377852081	0.0010462396426991702	0.0012220183140875425	0.0015227447200117236	0.0018201153806337465	1.075559391717386e-5	9.098156894537368e-5	0.0018468860538935921	9.685412322415061e-5	8.231256024813155e-5	0.006991716848234537	0.0031061294785284734	0.010178663859456654
ED3011	0.07793968968860653	0.21439452094980332	0.5420540718353518	0.021732525359939074	0.011692308588470566	0.009924949377610683	0.006652055208126313	0.02301808344970978	9.501520198734822e-4	2.5078091181666144e-4	0.00110156309381973	8.408310400872853e-4	0.0010018696415780716	0.0032585540076585768	0.004783303569575735	4.3718278965377346e-4	0.0013996726074309708	6.318772857540383e-4	5.692579049181335e-4	9.488373364902994e-4	0.004707476677213394	0.0030660439085642157	0.008155810287708952
ED3012	0.0648244833856291	0.2430918126961091	0.5409984459021252	0.006681759792443062	0.016817592085460614	0.010487409785261963	0.008215978953454045	0.012972785244773114	3.6510721989809635e-4	3.4581478633167475e-4	0.001921860038644782	0.0015412330747831852	0.0019281375272196992	0.0016964495804427165	0.003077876004161932	9.841166883980817e-5	3.447876042603804e-4	0.003637082503485609	3.9446413116075e-4	6.585142713161688e-4	0.006427299862623812	0.003274422884485933	0.006337641882294129
ED3017	0.06876899089815806	0.17503587648442956	0.5673261504852313	0.025850570625703617	0.014708422921946362	0.011281142610626137	0.004155723148778328	0.02484888539125313	1.695280851068021e-4	5.858430456746798e-5	0.001011987719752701	7.773747179374542e-4	7.13747514254562e-4	0.0021609610662579816	0.0050297993970189765	1.8532654249184223e-4	0.001404683789541697	0.0026653691707484274	0.0010177397765562318	0.0013202546270076796	0.004951772352502588	0.002585510135537763	0.003760604123554968
ED3046	0.077618875661311107	0.20423612074500458	0.5751289160179329	0.0202926395349891	0.01282271703448194	0.009620730364924526	0.003946212200959106	0.0063966535165473305	4.3570372425600977e-5	4.8053763748195314e-4	8.795551081556068e-4	6.956445661471452e-4	0.0012991377946141444	0.0014464056534126755	0.002075736112728056	4.3570372425600977e-5	3.7649158812961804e-4	5.665891230225151e-4	2.1144701738144152e-4	2.099220543465455e-4	0.007641328345629473	0.002569606284172243	0.003546584745071494
ED3048	0.07413194253180029	0.17473957882495783	0.561873056491026	0.02222760986247245	0.018652302759501256	0.01087939208041692	0.007759643414766144	0.015124916662238117	1.5054373647082855e-4	6.593065512765719e-4	0.0010395563485646872	0.0014564573312497748	0.0015059051019647362	0.0021857244324188577	0.007518861688725357	2.9677487660230716e-4	7.825920901482076e-5	0.002357831150586436	4.1426812202770806e-4	9.106432538968875e-4	0.007991070395677919	0.0049688111179439646	0.009909263826125765
ED3049	0.07690924370887398	0.24576192660861468	0.5141226065341895	0.027111401109145623	0.011215433635130025	0.011209234765713408	0.0045103877877106765	0.005140218749061695	2.5312050117859235e-4	2.3439474981589036e-4	0.0012483619003279913	9.475875905091435e-4	9.292492684849802e-4	0.002575501099492177	0.0022723376420856743	6.45715564231103e-5	6.45715564231103e-5	6.713504721310776e-4	2.814028428919146e-4	2.8598742339795545e-4	0.007209607989309533	0.00256207021575617	0.0045911668047959875
ED3052	0.09016047543943592	0.3901283465555466	0.244397263612559	0.03532844667336765	0.029964068498825817	0.021702987351109048	0.015368788666227167	0.028405936710068067	0.001116940858470622	9.550602765306839e-4	0.0014904433865363304	0.0025750342127816707	0.0031551233094769095	0.0034959525885185907	0.015601391351920605	0.0010591757790176953	2.1952091104948947e-4	0.0020088717907832403	0.012107814690396299	0.013499915113061802	0.004504825626805265	0.0016978748552187208	0.0029175306100484586
ED3073	0.09003749829953776	0.23874414517480752	0.48783945406838697	0.00748399230419375	0.02981108034000507	0.018417267747741342	0.004801969779302222	0.008913359810578675	1.506500322918344e-4	7.984451711467224e-4	8.284245275727975e-4	1.506500322918344e-4	7.576190123956353e-4	1.506500322918344e-4	6.054624797808825e-4	1.506500322918344e-4	3.698458292764535e-4	1.506500322918344e-4	1.506500322918344e-4	1.506500322918344e-4	0.007146234931795457	0.0026693679221790143	0.0034913144983632627
ED3077	0.05511550484918491	0.15741806712013998	0.6156411631648476	0.022123478688662268	0.01254368869948377	0.012998206462706894	0.005922927423349689	0.01133712390642144	1.526238764204197e-4	1.555183087547022e-4	0.001088168727579061	5.880291975632004e-4	0.001576868358368948	6.880938582626808e-4	0.0017095987554124736	4.5943370385436396e-5	4.5943370385436396e-5	7.063793196760846e-4	4.5943370385436396e-5	4.5943370385436396e-5	0.008491207771265968	0.004240251482983081	0.00793428223545371
EG4347	0.07563365130398751	0.16824471502109867	0.5321805757720975	0.027900322274218646	0.018049194224795794	0.013440943365240977	0.007139882431998078	0.012494458040022253	2.671049129820758e-4	2.730073711990224e-4	9.163753168461986e-4	6.054128978723804e-4	0.0013125871639913587	3.593028046240007e-4	0.0011312546818074433	7.471466097400722e-5	7.471466097400722e-5	5.661129862000527e-4	7.471466097400722e-5	7.471466097400722e-5	0.007213326943735527	0.0028121104097396836	0.0058654744597644365
EG4349	0.06640883231973009	0.17372702764545556	0.5647926913840143	0.015815391056107332	0.017056882702318834	0.012652603359588472	0.004549077986607731	0.012198483008674234	7.645123752764954e-5	7.645123752764954e-5	0.0016987464978643729	8.360707336023754e-4	5.636749742913601e-4	0.0012976068545567957	0.0013434775970733856	7.645123752764954e-5	7.645123752764954e-5	4.2690371035439506e-4	2.038189992487137e-4	7.645123752764954e-5	0.02639303137795787	0.002762412565586561	0.004094193123318216
EG4725	0.06975089965226407	0.21428096320290982	0.5391269896109739	0.02516274932690827	0.01246635764416417	0.011824003980498828	0.007892232056772596	0.019394090538070848	6.945051492302529e-4	5.385594875166466e-4	0.0011067562826835953	0.001320528450905384	0.0013316925869334443	9.784518867712776e-6	1.7496676639243986e-4	9.784518867712776e-6	5.651929478745608e-4	0.004739258912321963	2.856785973806099e-4	4.0185018989696375e-4	0.0053400185862806605	0.0038331146199830834	0.006889309088313169
GXW1	0.09093113316686834	0.2291464555805082	0.5080019306255711	0.021117725125162613	0.009670222908519224	0.015878697577375773	0.00712651538930925	0.01405801380835329	5.772732678720914e-4	4.417373828491019e-4	0.0020083413795767206	0.0017080989020108106	0.0017124454101761868	0.0015117907096546307	0.002766894954530281	1.682407825853398e-4	3.3134698718452374e-4	0.003046708237511368	2.776673082383491e-4	4.17683067088693e-4	0.01012015015542889	0.003682892755524501	0.005464530695965131
JT11398	0.09011753869212508	0.20306891320151157	0.5145224337489573	0.023825220078218065	0.017428183970997376	0.013409946434104557	0.006687665169502794	0.013852313946670967	1.9498573532220103e-4	6.955338615509944e-4	0.0010324942989620423	0.0012675275377962776	0.001214976225790711	0.0030811673600668332	0.00818069358080746	2.5477080651467604e-4	6.499149020995484e-4	0.0034874878571563945	2.2104675326830206e-4	3.754643736218353e-4	0.008577728317998003	0.0046973462592125965	0.008056325288389444
JU1172	0.07142121087809064	0.2009136170464	0.5521864740843732	0.021623243205441615	0.014623951032078338	0.011686655670554085	0.006185149932234695	0.010275250664091273	3.514079301419335e-4	1.0892992254864647e-4	0.0011793842714341953	0.0010200197947455255	2.9291256173331036e-4	0.0010862491876551027	0.0016523579951404183	1.0892992254864647e-4	1.0892992254864647e-4	1.0892992254864647e-4	1.0892992254864647e-4	3.394256386615824e-4	0.0068938480083361895	0.0026684563126741926	0.00617349443052199
JU1200	0.07256856349346334	0.2160070401595388	0.5318492669474358	0.02093471256188216	0.01456804119207061	0.011831104930284454	0.006476698821402058	0.025654557148628652	5.418781652405573e-4	4.652773493184352e-4	0.0014387793300576139	8.545710456866326e-4	0.0010415623502415476	0.0015843027284575316	0.005833642232476687	1.7798798590624854e-4	2.3100954593196393e-4	0.002269653132809097	0.0010194806221445662	0.0014896680474599051	0.005101396518187965	0.003257431545236131	0.006729290919497861
JU1242	0.05695965182239105	0.1819981497864049	0.275915847062107	0.03255555407887734	0.0760546419732684	0.02240018120767752	0.004573529233317019	0.013993323745197505	5.778306043356941e-4	5.778306043356941e-4	0.00496125356882627	5.778306043356941e-4	5.778306043356941e-4	5.778306043356941e-4	0.002170331749884867	5.778306043356941e-4	5.778306043356941e-4	5.778306043356941e-4	0.002276074750478299	0.007992552919171322	0.011406376129586603	0.001836345660578836	0.002196911957684309
JU1246	0.10286446511598636	0.1774576883986469	0.5391430518812178	0.027248213095734844	0.012682275440011721	0.014500703265104045	0.004630394605898708	0.01618114116745154	4.5702446604308216e-4	4.8449965644500046e-4	0.0021443119794055795	8.196701181287369e-4	0.001478326410941204	0.0015627282004510076	0.002745120717007304	1.5746430700317278e-4	1.9186585476199923e-5	0.0018546329118859133	7.096542370082066e-4	0.001001251963075493	0.008927268796464634	0.0035311567507962625	0.004518344946717701
JU1395	0.07104036292901202	0.19274952272504708	0.54082147638387	0.036482806265377504	0.01872346407496033	0.012352287666424008	0.006173224520052285	0.01573071896114669	4.536537796019992e-4	3.287970013863182e-4	0.0013609239117142063	0.0010397058964156205	0.0011232244517478424	0.0014549220527479841	0.0030865561193884556	6.819216124369627e-5	2.364269388454607e-4	0.0015103515756908568	5.318576878998605e-4	5.748614163680312e-4	0.007677250917230417	0.0032315486729878407	0.005924446640915705
JU1409	0.08376288319429014	0.19706418015818972	0.4837622826618013	0.04574083592287483	0.013148158399007076	0.017714651927894176	0.006920386268057296	0.02220454976202649	9.175635985452545e-4	5.841568575291441e-4	0.0017078198699463489	0.0010713666415156618	0.0015313856489249816	0.0036995581554411065	0.00633272630434336	1.296983361274312e-4	9.177582155555207e-5	0.003307265867604439	7.901172592509041e-4	6.13015779908624e-4	0.0070157764055177926	0.0037172405009452967	0.005150539176696092
JU1491	0.07482775568837735	0.20047192164311511	0.5512977845185666	0.018047842731495803	0.020118968271971235	0.012572650263684119	0.00771732771716018	0.009245317544212516	1.7899278718135278e-5	2.2640797650569315e-4	0.0018090801000419327	9.636613676269672e-4	0.0011215151066422022	0.0018507854194551878	0.002309150148869196	2.7913925160931967e-4	6.444098324103063e-4	0.001468564221708127	1.2688798683286099e-4	3.9927921036544365e-4	0.007015425401507223	0.003227669535569026	0.008574434678578088
JU1530	0.08690958046765798	0.125757185344997	0.6160229877712541	0.018309007704194954	0.010014947751826405	0.012029802640485997	0.004385692912080877	0.01793578512014862	8.426642810333648e-5	3.2437747773984843e-4	7.799126856372631e-4	0.0010558817897858331	0.0011258049960843465	0.002232991386941278	0.004914829075457529	1.4097272328362318e-4	9.082661320445275e-4	0.0012766846562235446	3.317789479660553e-4	0.0012128527220056054	0.007649074689799096	0.003661176323478268	0.004278371593800878
JU1568	0.08495485121719556	0.2761805203169523	0.453685497092002	0.01340124083254182	0.0199794071023676	0.01386428963312819	0.009463936813389369	0.008673711134531229	6.77665447953125e-5	1.934734853906172e-4	0.0018155335016112174	0.001201568605765686	9.319255240251376e-4	0.0014731769173052986	0.0033139873401251676	6.77665447953125e-5	6.77665447953125e-5	6.77665447953125e-5	6.77665447953125e-5	6.77665447953125e-5	0.005496815514526979	0.0031538549947738442	0.006435246626852466
JU1581	0.06309153643554849	0.13588776696017144	0.6307243523057013	0.029495978170784	0.014301546492525212	0.01145481315111553	0.003318020320349001	0.011704654348312396	1.2819600656619946e-5	3.2346416376783445e-4	9.453942700230945e-4	7.84815952198273e-4	0.0010473870128471629	0.00112499687522234	0.003421705250459743	1.2819600656619946e-5	4.4313513589738166e-4	0.0020244841552940784	0.002117387801252603	0.002289490940067726	0.009615110719685972	0.0036582012433730676	0.0035165959345200438
JU1586	0.07558729687267314	0.25876491176749566	0.47182921789557136	0.03984563048348538	0.016279602317912385	0.0118244827095233	0.004251044937896136	0.017932831855749645	2.8735238888229523e-4	2.8891852749468686e-4	0.002157866635943113	6.419806451142842e-4	4.782851136277824e-4	2.9157415383743797e-4	0.003815386031718665	6.809298314746333e-5	6.809298314746333e-5	6.809298314746333e-5	0.0010993612129157953	0.0010516280317294235	0.0057070091035551955	0.0027118030538477267	0.0028945646206155183
JU1652	0.05673381473391908	0.29343912948582596	0.49395586796780705	0.028494211042634807	0.015349898676446719	0.010748577500022644	0.006688847143586241	0.006427001627041722	1.5603136645192986e-4	4.0865311302627744e-4	0.0013673480929694195	7.732610127167324e-4	6.087785993356108e-4	0.0010753663778267065	0.0019190234377070886	6.878213195147761e-5	2.4239050225960846e-4	0.0014807720978200075	4.3463225729008925e-4	4.6750722109681797e-4	0.005363646690915303	0.003108214853861347	0.005683270372055581
JU1793	0.06715168733483806	0.2377521333214168	0.515610003969729	0.010874436240057123	0.014104065008812672	0.010437566037141967	0.0061218674169465	0.027303440252841524	5.263496420664529e-5	5.263496420664529e-5	0.0011460737106354945	5.520881395635024e-4	2.768072767627476e-4	2.623326616059201e-4	0.002395154046223394	5.263496420664529e-5	5.263496420664529e-5	0.0013004520606535851	5.035060676007689e-4	0.001112650508364275	0.00477646509686044	0.002615957721070271	0.005151278676975961
JU1896	0.057631439257013625	0.20999420373998837	0.5732841762101683	0.014839996386419743	0.015003392876349827	0.009559272144970255	0.0037608281936201996	0.007622180612570732	0.0011561020892701319	8.64966125205012e-5	0.0011429354526956348	0.0011819103769097766	0.0013462728401770654	0.0013047149872569218	0.0020982200849292156	1.5245579191523157e-4	7.356096957011793e-5	0.0014023622919960162	7.288898811814996e-5	2.099942037399884e-5	0.006587098182915955	0.0021456787749744534	0.0027781183183781762
JU2001	0.10299681132733612	0.20374641949843947	0.4606766470277216	0.016482149002775323	0.035776597848804104	0.01737900778242783	0.017286610279320724	0.025627891314783397	0.0020153292438955016	7.74652126677973e-4	0.0012234597957021917	0.0017811744203546389	0.002102569415759052	0.005628157758170955	0.007568055882788909	0.0015128920715477875	9.424432956766878e-4	0.0012032274766189091	9.572411284604808e-4	0.0021081312435707283	0.007134982381196914	0.004040845808765925	0.008750758903914226
JU2007	0.07430703320751758	0.16150135163639864	0.5652822721618633	0.023360077686286212	0.019750448682369172	0.011617544088166287	0.006731045579777977	0.006245263278292587	8.100421902374364e-5	4.442271371262101e-4	9.189118606053477e-4	5.687306217657041e-4	2.8375777924017395e-4	5.18832022847078e-4	8.196006880822381e-4	8.100421902374364e-5	8.100421902374364e-5	8.100421902374364e-5	3.4799412492600266e-4	8.100421902374364e-5	0.00758191389640338	0.0031542232845655532	0.00600451873935402
JU2316	0.07255274261506557	0.26660947587463857	0.502624421730876	0.012286238777732442	0.016624870932877636	0.010264530380880767	0.006466372451746356	0.011983855554972	6.132848368074329e-4	5.035684815143009e-4	9.150299450846324e-4	0.0012110320230126635	0.001020873907006864	0.004772921508756398	0.013454840558256728	4.4765916322924554e-4	6.24174304170411e-4	8.391904758161615e-4	0.0014364262963053702	0.002234384086951018	0.004133932896086363	0.003701654040162082	0.0038356799348784063
JU2464	0.08776110125346132	0.2661607169162351	0.3884507760399107	0.025773852860905867	0.048628282333885116	0.02512024846255427	0.01252773894620803	0.020342246369000252	0.0013840069538328642	9.117774163471901e-4	7.674204757312917e-4	0.002074157376676928	0.0022291233395984496	0.005091841546462708	0.009531459852888627	0.0010273803672966675	3.619008848508718e-4	5.492406231888753e-4	0.0012245464715619028	0.002157895854338509	0.008856907886762432	0.003333425592790487	0.006333646742133406
JU2466	0.09906567836768568	0.1957585261157861	0.48227782343070935	0.01475538788712561	0.053495347677019287	0.014821886465239487	0.012901613965574606	0.01465234771747012	0.0011335486435882828	2.65911263383825e-4	0.0015487880699391588	0.0012919706799048942	0.0017553370432975089	0.0018023131574887487	0.0030554406001510317	4.482573644224053e-4	2.1497252205787793e-4	3.685421197574376e-4	5.727301266493004e-4	0.0017441432148496154	0.007980600543616682	0.004002573738188146	0.007827908893246369
JU258	0.12120797266603028	0.37346748958164583	0.2127016130577448	0.047296917266308316	0.017538728214458073	0.022763248908444736	0.00951961594839363	0.039278172879079136	6.898034726883227e-4	0.0010714011228499997	0.0011312708485749707	0.0020959232413452645	0.0021985282250999907	0.0036857831599314303	0.008966701723135267	4.2329824896725427e-4	2.514758404720817e-4	0.003019766630542668	0.0013784649881588488	0.0021117369218333197	0.004246374301161781	0.0018550545739566084	0.0015694554167997204
JU310	0.09253327048988355	0.1913892964514944	0.5343121491835828	0.029068492842960293	0.008589945242167068	0.01422463981842514	0.0050860970515301035	0.006472930794136257	1.0399953075411724e-4	2.9847865326431647e-4	9.743716036353244e-4	3.8760625112059494e-4	9.403637570787281e-4	0.0032959531286594836	0.005459143368345122	3.270785242216987e-4	1.0399953075411724e-4	1.0399953075411724e-4	0.0018161438055591492	0.002790515409194474	0.009327093916152251	0.0031280978860223382	0.003650383529469515
JU323	0.059472805980458475	0.22382495570940403	0.5018496968530644	0.036826078819869226	0.014541269172881923	0.012727844845068358	0.006192732258128516	0.017697710883085298	7.093966942578497e-4	4.492037991393643e-4	0.001998346053622454	8.798800871206991e-4	7.164139260043514e-4	0.0015576235129968472	0.005574307158167041	1.708872623158854e-4	5.048368162950824e-5	0.0014334841398698863	0.0035698020953857865	0.003741244678199596	0.00592542116390027	0.0023518832760739	0.004211096303125429
JU346	0.0846800050806883	0.17210633554427598	0.5818833249354093	0.015524947612402272	0.012200112735113474	0.020824730008527595	0.003678212893706731	0.010213991963699551	1.4432345566355715e-4	1.2693525208039337e-4	9.850492455643655e-4	7.92262831288817e-4	6.056640495530746e-4	4.937539537503561e-4	0.0014001943135165226	4.52120611628217e-5	5.699997922430664e-4	0.001893019439424259	2.087813760947824e-4	4.2101853813343e-4	0.03076591977115649	0.0036820238197080688	0.004320825168469906
JU360	0.0915578363333461	0.22252798632011933	0.5123600774945527	0.011245667040554106	0.012916082161843744	0.01584872210363091	0.007219426346377386	0.018275126035121974	0.0011905671708427267	5.183628760356132e-4	0.0016245695053613966	0.0014980741688325047	0.001854185644706263	0.0019465135370140684	0.005660942195863482	2.6757322910955165e-4	9.097999118085816e-4	0.003952800395258211	4.551333980697765e-4	6.669048544789451e-4	0.010394542968626174	0.003176468767778743	0.004366999558024252
JU367	0.07132192533264457	0.18900707273277922	0.5211414168356074	0.03027911043840302	0.02035345101335204	0.014894122428129883	0.008496193334928853	0.009651290877216005	4.963251588910548e-5	1.2537173513588044e-4	0.001107152531938276	7.695521588605804e-4	6.98776191202716e-4	0.002534434791361282	0.0038726763172792326	4.963251588910548e-5	4.963251588910548e-5	5.60450369419779e-4	1.1475037673561186e-4	1.4805379489720162e-4	1.169838399506216e-4	0.003061135049976469	0.0048147511013703435
JU393	0.09631734123898936	0.19564459939169712	0.5367685162797844	0.005827366362565174	0.020902200789711233	0.010479962153706049	0.01184786906042728	0.01611892443923308	1.9389383105355092e-4	3.760155426223365e-4	0.0013989207561649721	0.0018086925169746605	0.002174782022485979	0.001961111365133235	0.0029658216309324426	3.076904286809284e-4	9.090885498024999e-4	0.004113252123723799	3.1362330935308e-4	7.42626767065366e-4	0.007786420951140701	0.005010341138096941	0.012655178941968454
JU394	0.09917275558888064	0.20611767070667042	0.45389411648829386	0.020561714363300867	0.026099067141267474	0.01913707752165182	0.01884077171177169	0.023550949095395554	3.578737488043388e-4	7.112769514476489e-4	0.001656738396092765	0.0022840169562157757	0.00362795080218044	0.005288084077555433	0.009435059693076425	8.431300834236868e-4	1.5530640057047403e-4	0.002593843214812398	4.572330362219132e-4	0.0018114603302666651	0.010101009410151476	0.004753856920176334	0.013241925607612354
JU397	0.06521088636764139	0.19873863729224603	0.5559023768717928	0.030601920480995037	0.009800558904249707	0.013343526898372505	0.0044489372586846735	0.020841790840517824	5.053657971561753e-5	5.589345716547298e-4	0.0015402033399928754	7.669431337642116e-4	7.272213821077362e-4	0.0011120574366421637	0.0034589761986354418	5.053657971561753e-5	5.053657971561753e-5	2.796694321462274e-4	6.841642161900301e-4	5.053657971561753e-5	0.0054110526633105996	0.0022718214045358703	0.0030862183866530468
JU406	0.09078831641378302	0.1706089167507332	0.5709305535551321	0.006941954959075369	0.0157169808651254	0.01572508478867106	0.01157081859754669	0.00968766174715449	0.001009614823926053	1.3913766478582115e-4	8.922297960259505e-4	0.0011953470025116192	0.0014134887821042263	0.00171465007922286	0.00235131381113181	5.625829029855427e-5	0.00050305257739073335	0.004688960629396767	1.8160100552995902e-4	3.5022964021126407e-4	0.006478264296049269	0.0029744019478078806	0.0087017250036032
JU440	0.06793645372722043	0.26996914644790054	0.5022331048444184	0.024387112348625548	0.012663785115539178	0.009802564625448049	0.007391167028809916	0.015564550806858597	3.5590681105461216e-4	2.700596388992239e-4	0.0017480125180621047	0.0011244441180683366	0.0015488386326994806	0.0012652352902521998	0.0023530902938354746	5.8624026382289914e-5	5.613548397089865e-5	0.0017299592740231027	0.001033815928068033	0.00163035724926657	0.005530038946593663	0.0030365194503796183	0.006631286832972789
JU642	0.09081944016423035	0.27167539428437876	0.46349231532089974	0.013063515248795394	0.024377738470358547	0.016772158404950072	0.006522660021857108	0.0092472980316186	4.153423535096914e-5	6.547846757978515e-4	0.0018485357533979114	0.0013251574124032016	0.0013101722047761035	0.0016500013254940706	0.002620641921511366	1.8757346098746818e-4	0.0010575062588295482	0.003193884832713488	3.155897253086174e-4	6.669200320266926e-4	0.008418492347499166	0.0027336416611570846	0.003162951418223068
JU774	0.0806079040711453	0.2293263627450413	0.49676964136868623	0.03644414565225897	0.01714242680555488	0.011696644287954578	0.00854462529178343	0.02287564836092825	5.895812071957189e-4	7.550398654825295e-4	0.0014377638182661934	0.0014967950484801554	0.0018537131006227717	0.0014847038628694837	0.0031685467408431012	2.335192234916877e-4	6.248674734197311e-6	0.002457503794164055	3.348852250298365e-4	5.968421672368562e-4	0.006638529550863881	0.0026675217519804267	0.007139048397073086
JU775	0.05244175983406421	0.21595372630131873	0.4443266056375846	0.026771351211794223	0.011107469478072202	0.008532349950288155	0.006145957026211791	0.007422408624962875	2.2440737658463865e-5	4.265984228873981e-4	8.31272245082477e-4	0.001422540800907683	0.0011216105089076826	0.0013961504934213295	0.002799078089615515	1.068852334672634e-4	6.680383193548109e-4	0.0013809805547642078	6.419846229333343e-4	5.624995301470553e-4	0.004002328002124689	0.002448441563702017	0.0038851649108098494
JU778	0.07445600698707842	0.22631005163245724	0.4684618068791865	0.02135801112281315	0.021313495935657047	0.014653688998227422	0.01163545973262083	0.031683407228544014	6.927758038562454e-4	9.404427350612576e-4	0.0013454788868699317	0.001866010110428714	0.002461823372663033	0.006722087463638877	0.014226755085822792	8.954726647013721e-4	2.5629387037324146e-4	0.004619712345983676	0.0015506153700716562	0.0030992030020806855	0.006592751269130928	0.004082090187325611	0.008612636372966099
JU847	0.07309073324096063	0.23643263274467263	0.5097284179065255	0.01776943772258631	0.0200091920177267	0.012855007490942136	0.00763099033615299	0.012513387759489819	4.56677257005456e-4	2.8089722141891267e-4	0.0015099401458714347	8.879125831271238e-4	0.0010910603315254562	0.002898174687322769	0.004724782023889649	1.5139950926373245e-4	2.6572612748446286e-4	0.0025940346127332307	1.7342206497503057e-4	2.266766087859879e-4	0.005793209650974143	0.0033381999685811537	0.0056483311062586914
KR314	0.06332436651434531	0.18784454940809997	0.5906726624447336	0.014945934054973202	0.012540991685015788	0.010666430794931047	0.006243143973273967	0.013388101424966934	2.863591710282743e-4	4.962448570836363e-4	0.0011397800621295048	8.960876785560222e-4	9.22726483494746e-4	9.533456771858e-4	0.002056418892238334	1.39851065240631e-4	2.587359116521427e-4	0.002701295083869212	2.322567479735391e-4	3.3540628751253657e-4	0.007215891384939709	0.004640436185047911	0.009145741364779412
LKC34	0.09388442928192015	0.3656019465794622	0.3253792806566641	0.05424959393989683	0.019919535312757232	0.017556778967995314	0.013645304102860316	0.0075126540389427	6.332799208005822e-4	3.450995629085355e-4	5.278646928701706e-4	0.0020206317780853533	0.0023914668505668354	0.0031710592366553944	0.002608318985547791	1.3100736419097397e-4	0.0017702661313346137	0.0019619562499921593	2.6162045177289167e-4	8.853660472999311e-4	0.005231620482239721	0.0021235021297209473	0.004738703034263175
MY1	0.06821125802448236	0.18322624875670498	0.528692479892695	0.017183070611376593	0.01619760397213844	0.011842388683959792	0.005048754890465976	0.02522500788720392	3.208477263470935e-5	4.423824235950982e-4	0.0014577464207801618	6.717300285366408e-4	6.945485574016277e-4	0.002565377345257644	0.010949745915237149	2.4612854640256406e-4	8.071640914392289e-6	6.141792288170237e-4	0.001206871749519935	0.0017558079048259258	0.009626642536549964	0.004866045226727792	0.006199052508816936
MY10	0.09572133616389292	0.1927591823366993	0.4688306163968399	0.05224791350928693	0.01925169882245517	0.016859884798436368	0.007558096154972949	0.023969858774552873	4.985582617594019e-4	4.911789099049046e-4	0.0016329601630840965	0.0011037071614170989	0.001370730374818725	0.002753128955561228	0.0066048562904864406	3.561851256948548e-4	2.1023794457257395e-5	2.1023794457257395e-5	7.714891614035174e-4	6.029834488285994e-4	0.006394744488680611	0.0030621156626995396	0.00576064582405527
MY16	0.09806036339325859	0.15567446414063307	0.5179449461127604	0.011524973403745252	0.018495843123717357	0.013431825550299264	0.00942060382493206	0.0322988140553463	0.00056005561611356875	5.542767472204229e-4	8.598497164116114e-4	0.001245244403365526	0.0013569022764957784	0.0034074666867776734	0.01328429853474917	4.2312901314037676e-4	1.8385590685468972e-4	0.0028632316699450885	9.408062573708768e-4	9.298508488196714e-4	0.006285581999415834	0.004748507626749516	0.009524221912185292
MY23	0.08265023044302842	0.23816468170510638	0.46648784763727447	0.023410013569088287	0.0199601686300425	0.01891116146380501	0.009589317089740965	0.024483329279284937	0.0015422836198087037	6.163347667960328e-4	0.0014177687622494886	0.0015408467585058547	0.0017180924575764733	0.0022729964829178253	0.004352646546960505	2.942810046424005e-4	8.621167817093933e-5	0.0032918295617954878	5.949196284741191e-4	7.202808563898068e-4	0.007125080272323402	0.003142356620236101	0.00604013189048314
N2	0.12222902267241295	0.24305156989088114	0.4061391198441179	0.016794670792924973	0.037443498423377936	0.01684852229474448	0.011358146398693515	0.02500881403708799	0.0012868405511497402	0.0010041272689182386	0.0015424638768116732	0.00216845562501931	0.002734737877107502	0.003332164658735616	0.009581737752429383	7.446755081842442e-4	0.001557949209173497	0.0026745226957381124	2.405959509534308e-4	7.059911547490639e-4	0.007776574365570581	0.005351560181269775	0.008149482578079495
NIC1	0.06390024780162352	0.2675129612076998	0.48589088872418945	0.011047520975131694	0.02166022419933712	0.013711131151532198	0.010353693353550398	0.024293452546571892	5.655715350267686e-4	9.103629853343662e-5	0.0023847142657210064	0.001849688343305607	0.0017159045654608174	0.0027810702041634354	0.007977304746315958	6.594740438588592e-4	0.001390576047943127	0.002739974207928926	9.211317468850231e-4	0.0022721677413271957	0.004810620068019811	0.002604893811139507	0.004599967259689217
NIC166	0.14642997123617732	0.32603548283055106	0.32603548283055106	0.01719785692644394	0.02138712688477895	0.018445629038760968	0.011521807967194105	0.020186429720246056	8.810851527061829e-4	7.348668185378079e-4	0.0013329646119885753	0.0021813318179966746	0.002872487002152183	0.004300093422893641	0.006572617937430096	3.864063864013414e-4	3.2386763286576547e-4	0.004163215719312324	4.813799505578058e-4	0.001166523498003579	0.006822063681399224	0.0035612226598298437	0.00330305403671481
NIC199	0.0728295949649858	0.2992503159452387	0.4405829952832309	0.01749821154671117	0.017884929485124258	0.016295441602140907	0.00983343749047041	0.020826956687670217	5.52466559191817e-4	1.1401076494964262e-4	0.0017249941947241419	0.0015169683546107878	0.0017049768723852508	0.00348504754694529	0.005675956456468702	3.055742322605152e-4	6.869777734964552e-5	0.004695287933137702	2.904170234866142e-4	9.323774542735241e-4	0.007191295158756511	0.003236136181737731	0.004000796452913176
NIC2	0.05874886087107213	0.2322446690418386	0.5548933032140574	0.012931274064015796	0.0138127906584897	0.009891783648098638	0.006423622568558081	0.012825844336405125	1.0719104624165934e-4	2.772284351394726e-4	0.0012665595514766257	0.0010582875200848775	0.0011677854261264156	0.0018436329999287056	0.0032263148859262504	4.987804972710628e-5	2.4304638418586508e-4	0.001527000905504819	4.083297714690635e-4	4.208460445724592e-4	0.005870116498602059	0.003009360956503878	0.006899038316910102
NIC207	0.07250965932201266	0.22696658732888633	0.5295787149656233	0.01782060792278174	0.015393070759595418	0.013215908079601622	0.006918390499202855	0.0077939261971352895	2.5833108047103574e-5	7.072329990055545e-4	0.001569387146969589	7.905964386735577e-4	0.0013654864251538006	0.0011487208155305545	0.0022342538487778937	9.697748760882681e-5	2.213122366395363e-4	0.001391242033876763	1.9108750022442514e-4	4.347970415408002e-4	0.007269539936887134	0.0030220603117823643	0.0077787104964955455
NIC231	0.0702213422378466	0.24226087939348323	0.5052355142741416	0.013719170558188429	0.022313127590204464	0.012611524998463354	0.009304799084452007	0.02029659846362473	7.335461296460447e-4	8.557752989816713e-4	0.0016793632231324016	0.0016214997974780103	0.001918598093028628	0.0011869342133377222	0.003354160414076978	1.771026094153475e-4	4.94878636530554e-4	0.0019610342738353975	1.5865836105111503e-4	5.345679932401109e-4	0.006406044093731545	0.0037749468478279714	0.006145456043722235
NIC236	0.0679635621412117	0.19141892921583636	0.5580691040044823	0.020872425654246643	0.02185798996464234	0.01202208871492565	0.004592210029893625	0.011519817733012309	6.368340077511614e-5	6.368340077511614e-5	4.8342069528390665e-4	4.657167098684244e-4	5.48823547879951e-4	0.0015354704760888254	0.0028723761085608385	6.368340077511614e-5	5.314379794683443e-4	6.368340077511614e-5	6.368340077511614e-5	3.209643399065854e-4	0.008539052476332224	0.003774260430338033	0.004568583488206057
NIC256	0.10203802791973131	0.44776181028067746	0.2411025132280571	0.018621983149371184	0.026536431470203473	0.019604475890775516	0.017595876685484704	0.019513588854092583	0.0012430126177512923	8.463300970587874e-4	7.398575050564687e-4	0.0029701461658584575	0.0032079593519417603	0.005929098286459897	0.007470647480411788	5.434149270018872e-4	8.022556965602942e-4	0.0010571914664848111	4.53048843963607e-4	0.0015586976102052357	0.003496830300603126	0.0017593250390251327	0.0032628575331233845
NIC267	0.08984474541556467	0.2241670875715079	0.4732416293176278	0.013353402123131675	0.014115890459571333	0.016885919602484718	0.0076584550544162135	0.029888945009534387	6.534381647515975e-4	6.607111413705841e-4	6.639633432442406e-4	0.0017009674067655146	0.0019428170076971273	0.003544419684240767	0.023128350304996846	4.3893872760757824e-4	7.726648105738562e-5	0.002556696797907832	0.0016025651717371011	0.002275616177547336	0.009414679648268105	0.005238891582778317	0.00592290364752925
NIC3	0.08719450086088962	0.2370631349014572	0.5215388967832058	0.014127973359215956	0.014275117416340008	0.01317848396847151	0.0072618828617865856	0.007303090618888152	1.464225606265261e-4	1.1498592752002854e-4	0.001310608694849117	7.843903779248128e-4	0.0011158252547026936	0.001943340508993928	0.0030275848312906186	2.0614185643604973e-5	1.5516297533941462e-4	7.058091022513907e-4	2.6911819357726294e-4	3.072544370179321e-4	0.009319199203204006	0.003383138305271517	0.005462470596956307
PB303	0.05641700059988701	0.1169620744143999	0.5274760218688623	0.013802212793101627	0.012425592110984221	0.012090254963516112	0.005977128942417136	0.010631393889467326	8.471723586015554e-5	4.7038018256257016e-4	0.0014309919931020448	7.49190247478402e-4	3.5323922497553645e-4	0.0010779041308110445	0.002615005952521039	1.2724097671881835e-4	7.558502055979985e-5	0.00159633508559186	2.8917611543255906e-4	3.4555642204831606e-4	0.0063222358631598585	0.0039503780097283	0.00791608493132691
PB306	0.07452343742029778	0.3110247570874528	0.4287649824181516	0.01151788649952532	0.018765920324536164	0.01270818573127171	0.013605053181796537	0.029170242912581197	0.0013607911615012658	7.807197808431086e-4	0.0017141853852243407	0.002119419337059782	0.002430535972357753	0.002706415612473661	0.005396245506500448	1.7466728398842304e-4	3.109124614968195e-4	0.005302631818672485	6.53223450714054e-4	8.496454532151694e-4	0.004926577705918279	0.002690292687976064	0.006102822974352075
PS2025	0.07431312976695295	0.2440282504509401	0.5155054947797637	0.006084772455071219	0.021920431767050004	0.01035255541295766	0.00867361427034897	0.01019569445526039	3.1661744950483087e-4	3.450673274277738e-4	0.0013254617027888284	0.0013114794531024969	0.0015457231414674549	0.0030238815887359827	0.0045443483083975065	3.710401010251516e-4	4.3500629907545363e-4	0.0036877723274936513	1.7546936708350932e-4	1.6256499252262629e-4	0.0065157551333367685	0.004094218283182995	0.00988163779603807
QG536	0.08212462762640718	0.2518488580543154	0.46146219332933563	0.019238202412037855	0.02217114661333561	0.01731429613550989	0.008664382856379176	0.020168400694286295	0.0012614108161622926	2.7550857220382793e-4	0.0014829908828914464	0.0015043823930398486	0.0019471436354496852	0.0015421206147824597	0.006924631280562045	6.095133434569795e-4	0.00310138572325607	0.0034754125630391576	8.565207591778905e-4	0.0014239237221452914	0.007131984233229062	0.003269099855655408	0.00504418066413811
QG556	0.08052180663350206	0.24775940502616015	0.4450493016210655	0.012985139239478005	0.01675271098455683	0.017747556758479464	0.008013984421742006	0.028446450206707278	0.0025880305109834472	6.616162563681451e-4	0.001471837686243555	0.0021088959386227645	0.0025333399163924874	0.005232013354268636	0.01201846462753427	7.149510564371562e-4	8.308886935780088e-5	0.007295780376079598	0.0016390431676763023	0.0022294653001964674	0.007872669798134491	0.002936637170129515	0.0036556670804753426
QG557	0.07145992321473102	0.23663777851435516	0.4158733236267133	0.014533220457503474	0.04070872674937546	0.01902825463568649	0.009883815273064372	0.04715183458021186	0.0014732868939698073	5.596864190963595e-4	0.0012536032751066847	0.001598707845267793	0.0013923058145923267	0.004558762372000744	0.029872590852059688	9.389804623561879e-4	6.780199517804254e-5	0.0033423329003926076	0.004070345511569568	0.004544558247919128	0.009777826149247113	0.0038198550512189146	0.005609340390672396
QX1212	0.05947655869757188	0.16184360786516347	0.6241618024441363	0.01606655669425752	0.009710165115234487	0.013200441805968072	0.0048405940083394335	0.013449655170270405	1.163597508977984e-4	2.962769696333225e-4	6.646033605529135e-4	7.706721792533892e-4	8.810611261319389e-4	0.002486698019061966	0.004877979236961036	1.4652327271426192e-4	3.0385331382621364e-4	0.0017293344137780469	1.6168240905254877e-4	2.446740057391033e-4	0.010031982424738482	0.0037921117954258627	0.006335932225725975
QX1233	0.08650943183144295	0.20226125180895305	0.47391746495430764	0.029034771963015883	0.022502575959894616	0.03320043925762879	0.005656927584335798	8.737223050700161e-4	2.423029081457875e-4	4.6497689433885756e-4	0.002204018712547076	9.517674365327043e-4	0.00106523873877992	0.0021808942291507236	0.0029350279994471637	3.361116772725586e-5	3.361116772725586e-5	0.0014139209927824723	5.782465295797099e-4	2.8041797234849565e-4	0.03409584076588289	0.0032259662672942903	0.00457525298453725
QX1791	0.05336609829554637	0.29861667388352564	0.4687587322590228	0.031090162495561766	0.011106144390502275	0.01686968925653771	0.004573557420609589	0.015406866867502584	0.0010851764651796378	8.14303363672035e-4	0.002077729677151798	8.620820314933992e-4	8.261265005856793e-4	0.0020636495537494997	0.004753699665273278	1.7361434528111957e-5	1.7361434528111957e-5	0.002651716064085708	6.819745096987657e-4	7.880007903619455e-4	0.00906350217253179	6.564358395079131e-5	0.003772518192917031
QX1792	0.05622463131340304	0.19129259996532821	0.5813501670821303	0.023624636095718035	0.011080593963522893	0.011324342581134962	0.004253734689119636	0.013978736631935103	5.341546959344344e-4	3.786696795251161e-4	0.0018061757620320056	8.273404948500445e-4	7.107267325430558e-4	0.002250572383326459	0.00393161588445927	3.628133163561151e-4	1.4944734372291268e-5	0.0024842183605028605	5.688115349437779e-4	7.026117417789017e-4	0.008773739710550385	0.0031247795651680086	0.0038053926579508976
QX1793	0.10411897731980181	0.2815693062835053	0.3606879543301101	0.02153798088372458	0.07470196587035609	0.01963938930270269	0.005541702811090219	0.02366950707267192	0.0015396954313681333	1.1132459183969334e-4	0.0022633750888979456	0.0015431394195772206	0.0011225539946377104	8.775188875992549e-4	0.005626732087549717	3.770934387044796e-4	1.707566586370547e-4	0.0027002031068776118	0.002352825701571813	0.002535729399703082	0.00896493401016079	0.0018524235228676396	0.002023203451695296
QX1794	0.07375783839264706	0.21098997040204326	0.47162463972221436	0.016088109354903096	0.057800613740391686	0.015377090884897823	0.011847423712817388	0.03376616111365769	0.0013436869669679705	6.837067935004565e-4	0.0010565881270745146	0.0014828410580354828	0.0015471380352343037	7.372450552337346e-4	0.003465512036878522	1.2977478902190885e-4	2.5248584659775267e-4	0.003984944521658894	0.0015070783092572973	0.001164919952213715	0.007121993046295391	0.0046897574042994	0.00752535622500518
RC301	0.06137886623813116	0.15796731465937633	0.5995145074422114	0.013606505132082086	0.013898030956454978	0.014454342354948179	0.005726505478468246	0.024341668837131226	4.4638137325554364e-4	4.4694758140146126e-4	0.0014607741940027043	7.48432007870198e-4	9.507491219253589e-4	0.0014470376988996434	0.005483083556240123	1.6276818877056036e-4	2.3018502254793094e-4	0.0030856726214951837	8.236330141410247e-4	0.0010925866415035519	0.006611360343143072	0.003832044393002505	0.006925011107671569
WN2001	0.08227009743599133	0.29819012251071514	0.409663065505375	0.015953896128452726	0.015421222670352742	0.01860589317876718	0.003918859179213016	0.03251554274211233	2.7868235748664966e-5	6.162224288744797e-4	0.0018360987123007913	0.0015198499730249412	9.853372113655472e-4	0.0020041720421009896	0.005962464774898367	1.8894663837594846e-4	0.005345239089536935	0.0010165775036398005	0.0011842049416680204	0.002144878764395999	0.0068454976928305645	0.0024844532169934815	0.0018488623642736797
