strain,bpTIC,ascr_total,anglas#3,anglas#7,ascr#1,ascr#10,ascr#11,ascr#12,ascr#15,ascr#18,ascr#22,ascr#3,ascr#5,ascr#7,ascr#8,ascr#81,ascr#9,bhas#10,bhas#11,bhas#12,bhas#16,bhas#18,bhas#22,bhas#26,bhos#10,bhos#18,bhos#22,glas#1,glas#3,icas#10,icas#3,icas#9,iglas#2,iglu#1,iglu#2,osas#10,osas#2,osas#9,oscr#1,oscr#10,oscr#11,oscr#12,oscr#14,oscr#18,oscr#19,oscr#21,oscr#3,oscr#7,oscr#9,uglas#11
BRC20067,32586799611,342858700,486226,222657,2.67E+07,7883540,1.34E+07,4630960,352199,4515060,147337,7.28E+07,1.79E+08,4292940,121635,3976730,5384880,211465,906687,609245,41321,686588,902291,223709,19081,429417,153328,5707,15264,122599,740603,1193860,140689,2139210,5202,197172,307214,113588,431781,594713,97780,1953310,7290,2974520,5450,83666,166849,202687,3401770,21880
CB4856 W1,10507381895,22549539,92344,20071,1813220,567903,423766,279561,3993860,126997,7762,2940430,4246830,273355,2927,112578,351808,1000,71324,28049,1000,9776,8453,1000,1000,2670,3624,2884,5499,1000,1000,49692,6905,6743070,3016,5454,33022,6638,2873,7807,2946,47584,38870,67166,4284,4684,5734,3186,130917,1000
CB4856 W5,9859282739,47389842,38566,20407,4449820,857609,1321520,685943,692239,293295,11570,8402080,1.63E+07,726629,78915,175373,691139,21477,207494,63853,2463,27547,30745,3020,21477,16591,12386,5730,5624,1000,53390,120297,14654,1.05E+07,1000,1000,54188,13195,23350,23577,16977,154818,3053,181486,4160,4287,4159,726629,362710,1000
CB4856 W7,13674242591,6214842,11767,1000,631290,83803,145665,88967,443927,23253,1000,955501,1710780,78987,1000,26981,109919,1000,15226,5829,1000,1000,1000,1000,1000,1000,1000,3100,1000,3148,1000,16484,1000,1754830,1000,1000,1000,1000,3317,2922,10489,10634,2719,14799,4912,1000,2776,6353,46464,1000
CB4856 W8,37106426537,462867334,852444,749022,5.40E+07,1.50E+07,1.39E+07,1.10E+07,615967,3603810,27486,9.28E+07,1.42E+08,3962770,130048,1.52E+07,1.16E+07,332648,2389350,767075,34219,562995,548445,148880,23417,162440,43085,168318,172944,349224,1284720,1.51E+07,44622,6.00E+07,5306,1770990,1417410,2528740,320611,268649,33040,1945180,9167,1534480,5896,52305,41753,283568,4218310,680400
CB4932,11725324022,78063142,13382,19153,4610300,803423,2080400,630079,227706,312235,6855,1.66E+07,3.19E+07,1433050,26665,865190,1129340,30831,269188,81113,2953,53343,56543,16009,30831,16571,4595,28879,342337,7124,90129,277730,39029,1.50E+07,1000,61112,86998,79164,16541,31659,3663,137247,2116,267661,3860,1000,3931,42693,248002,25312
CX11254,47826199391,290823683,80348,47507,2.32E+07,4787650,1.24E+07,2964640,473370,2012820,49244,2.83E+07,1.49E+08,2722810,106835,1937010,7374130,40564,662063,224137,5344,231096,350626,115602,40564,162156,86698,44427,341535,116206,320012,902478,4791,4.36E+07,4568,200445,555783,142038,301532,333378,123851,1218230,4914,2517600,5287,4909,110884,175551,2070550,1000
CX11264,13669796173,43020904,30735,10821,2739960,1331320,1453350,496183,195413,291843,3737,7103700,1.42E+07,200906,296748,410826,716078,9333,247046,57238,2677,24860,33382,3130,9333,4998,33382,5092,121942,5680,40642,91321,3126,1.21E+07,3423,14041,61909,16310,26715,18166,4072,103395,90474,165380,5008,3095,2677,20057,190880,1000
CX11271,29641339448,186541850,31052,15103,1.22E+07,2705580,5361790,1902060,324365,1114760,14971,2.85E+07,9.07E+07,1850570,1000,1602260,2607830,53407,388901,242467,10465,164016,196994,88849,17375,135018,76810,41471,398235,20765,153234,399731,199978,3.02E+07,3961,36419,548315,29001,134395,201754,19635,621751,3899,1622060,5726,5535,147552,93497,1299600,6693
CX11276,17034825981,58211996,5889,9974,2999410,619635,1609270,670965,683979,265086,4452,8288000,2.30E+07,1031180,1000,1018920,853564,31050,109259,53736,3679,55926,70653,20226,31050,32697,4392,1000,137047,1000,82958,154174,42073,1.52E+07,6060,6482,99577,9101,25504,36327,12806,177802,2313,252174,5457,1000,18230,36412,418235,4272
CX11285,10878723463,125527942,120494,45695,8150360,1687250,3747600,1313370,416300,729001,21780,2.49E+07,5.34E+07,4123180,56942,462379,1563950,69741,743598,232052,8175,128015,167291,55776,3360,86480,25806,36094,170224,40484,286873,542749,5878,1.95E+07,11182,216537,218765,178946,70055,84806,11101,343114,2068,689928,12053,7654,40924,57271,717241,1000
CX11292,9232487574,48849835,7583,1000,2260050,601142,1548550,443681,520633,271907,3646,7037060,2.30E+07,916669,88064,337845,754342,15246,104803,40302,1000,40519,40109,18248,15246,31329,4106,6159,89564,1000,88172,97084,8975,9560320,1000,3358,59574,1000,26514,41578,6557,134134,2089,293826,3006,1000,3233,16583,329329,1000
CX11314,13738234978,98661314,164746,39039,5188220,971362,2889180,740184,635198,615047,9267,1.38E+07,4.86E+07,925521,4533,926578,1131860,28363,177562,87467,1000,74252,87383,15787,4301,49126,14717,22323,323594,8382,93069,173499,50819,1.89E+07,1000,6068,187877,3359,62659,67229,3319,278660,3442,713162,5657,4844,33897,37653,445605,42304
CX11400,8714170033,71055800,36548,4798,7203970,860964,2227450,1012600,564054,454306,21771,8932890,3.26E+07,892181,5919,616891,825103,29394,259686,81489,3849,45349,40294,1000,29394,23381,4150,10577,3118,9969,99321,478109,28562,1.16E+07,2908,59348,99255,61788,44185,44147,3898,358523,3919,421862,3520,1000,8657,32005,628759,203039
DL226,12529759218,163254808,44183,27118,9442350,1243670,5205790,2058370,264582,807912,5115,2.90E+07,7.69E+07,2933990,21131,3629510,2231740,93230,428372,126691,6335,175428,148199,60137,93230,97873,36083,28595,341768,9958,482366,1835090,17333,2.24E+07,2631,175981,187900,132646,87651,60924,13493,418232,3147,626236,10810,4611,50122,68795,1251420,23360
DL238 W1,13868072571,80240246,27179,52164,3563500,548717,2539350,867783,196902,231757,5692,1.01E+07,3.66E+07,1369450,3049,565789,1689140,19327,213663,84825,3599,63576,82890,28256,19327,40355,6869,12957,170236,9567,92866,118970,1000,1.97E+07,2888,21335,212624,13853,39389,24558,11106,179978,2071,203600,3855,1000,8527,35872,549935,1000
DL238 W5,8476082998,14686146,3074,1000,714169,136287,449113,159579,245488,37060,1000,1589480,5962370,314660,36278,76293,252601,4015,71092,15892,1000,2912,13251,1000,4015,2912,13251,1000,13030,1000,10570,18792,2407,4341730,1000,1000,18063,1000,5716,2937,2164,35039,1345,28609,2811,2794,2455,2954,90938,1000
DL238 W6,11706986342,64445785,39916,42219,3485210,802951,2236090,766696,729928,177273,5719,8805370,2.58E+07,2172900,2662,508997,1429150,21935,300323,85531,1000,50293,60480,24169,21935,26684,3753,12207,125802,13225,71784,159733,1000,1.55E+07,3582,56639,119309,22505,17230,4889,2593,143684,2747,100470,5655,3443,9040,28780,481684,1000
DL238 W7,23441398118,12725567,1000,1000,639111,66025,370738,116214,323566,18370,1000,1398060,4868680,208911,1000,49205,387264,1000,24472,8761,3563,4126,4792,1000,1000,4126,1000,1000,16119,1000,6658,4973,1000,3723550,1000,1000,1000,1000,3311,7008,4912,20936,7816,29970,5024,4506,3703,3833,387264,1000
DL238 W8,44806368431,223631107,333219,338059,1.02E+07,4.36E+07,6544430,3640130,285578,3018380,38262,4.70E+07,8.36E+07,2454280,32221,7109420,3592430,222084,393863,147017,6975,377491,380785,72723,19416,159670,45408,1000,1000,538325,393121,1972630,71241,1955790,3863,379450,92356,215275,140077,627773,37282,448610,8657,1308360,8496,6943,171337,167777,1359550,46553
ECA36,26265406699,274463130,222906,400044,1.21E+07,3661270,1.09E+07,4071460,494398,2167420,44386,4.77E+07,1.24E+08,4198750,98516,1.16E+07,3230260,177550,727884,271062,9619,457308,703366,283734,13198,332774,132917,75120,311698,12405,1000,1000,1000,3.86E+07,1000,707031,1201870,438899,217962,142957,35425,864632,7745,1358810,9986,6340,151744,158894,1716790,1000
ED3005,14724730746,111110951,67906,26966,6409230,1321310,2776320,963518,232740,813461,2639,2.46E+07,4.73E+07,1734010,972288,655840,1168470,38163,241941,126303,2733,97274,113617,48536,3197,62028,30005,23768,546477,1000,141577,169225,8459,1.81E+07,2845,7653,171714,9005,69373,107685,8249,288792,2985,946360,3469,9535,37715,33016,650054,1000
ED3011,12808225958,58712117,277495,46977,3853460,578086,1516450,490705,195062,328888,5959,1.06E+07,2.68E+07,1074490,1000,1138050,447687,12399,184644,54463,6726,41572,49534,13485,2663,38625,17333,15154,164982,21615,161108,236494,69202,9208150,2828,46912,31241,28145,37002,39558,13657,151590,2553,403236,5601,4014,3343,18134,232745,1000
ED3012,46674620493,468832074,261144,153197,2.72E+07,7056570,1.33E+07,4400460,1058510,3447380,20822,1.02E+08,2.27E+08,2803630,2760730,5443310,4239580,145102,1636030,806402,46837,646693,809036,307104,16519,305571,163732,139932,1295460,41293,711821,1291460,144671,4.59E+07,7058,276309,1526100,165515,324717,330031,28299,1373930,8082,2659240,8306,3780,376235,2803630,2696860,540386
ED3017,9814309071,64777502,12015,8606,3491020,746665,1926580,572681,231918,210963,4162,8885600,2.88E+07,1312290,2576,1261440,1234040,2974,254330,51373,1000,39463,36233,1000,2974,7397,36233,22185,234256,9408,109700,255335,71308,1.40E+07,2456,67022,135306,51665,23818,23133,6896,131252,2415,190905,3426,1000,6274,23122,251374,40513
ED3046,10091099565,29198870,8443,1000,1781460,294299,771133,220809,219010,90571,1000,4687500,1.32E+07,465744,1000,146812,311117,11029,50737,20187,1000,15966,29817,10636,11029,19942,3396,5719,94600,1000,33197,47641,8641,6223740,1000,4818,13004,4853,27443,3823,2524,58976,2382,81399,7723,3617,6673,11281,175379,1000
ED3048,16803350960,383068765,34524,51175,2.52E+07,6340560,1.35E+07,3698280,614126,2637770,45466,5.94E+07,1.91E+08,7555930,755359,5141480,6216280,224121,1109850,353381,12938,495100,511909,182205,224121,417799,155822,62247,591059,100884,743003,2555920,26603,4.30E+07,2974,309559,801508,140824,314748,461468,71676,1689070,4083,3368500,3715,43779,171555,176101,2716440,51153
ED3049,8260382413,20157168,16288,3920,1191070,173690,504032,173594,238213,69851,2906,3806040,7962060,419866,59880,79605,251073,3630,58151,19333,1000,14675,14391,3041,3630,6294,3007,1000,68478,1000,39886,35191,1000,4658860,1000,4429,10397,4358,3487,2343,4955,39678,2020,71102,4478,1000,3349,14264,111653,1000
ED3052,22682023856,205479250,290661,196975,1.59E+07,5284230,5632300,3827370,731489,2710320,8861,6.88E+07,4.31E+07,6230250,455580,5009450,4839770,168427,448678,262843,11586,454113,556413,47713,168427,50792,14200,65279,762808,186788,616519,2751340,38713,2.90E+07,3511,2380740,354269,2135240,37559,60183,109056,299424,4461,514513,16439,23005,94266,166853,794436,1000
ED3073,9029110491,9141950,2609,1000,597660,197883,237443,122252,171297,31875,1000,1584760,3238230,49678,26945,59166,113411,5300,37153,5499,1000,1000,5029,1000,5300,1000,5029,2342,19025,1000,1000,4019,2455,2460240,1000,1000,1000,1000,2114,2495,1949,17719,2247,23175,3406,1000,7131,49678,47436,1000
ED3077,11061195880,28813592,4036,3322,1199640,273025,877367,282918,233282,128918,3518,3426350,1.34E+07,481538,1000,246763,386013,3385,55239,23685,1000,12799,34322,6970,3385,12133,34322,1000,65926,1000,14977,37211,1000,7012840,1000,1000,15375,1000,15965,15113,2955,92293,2306,172697,4359,1000,14991,9435,184819,1000
EG4347,10952783375,17384702,21099,3575,1012300,241575,495738,179897,736579,95562,1000,2251830,7122840,373425,2433,167229,281407,3654,41490,12265,1000,8103,17568,4344,3654,7800,3544,1000,28748,1000,4809,15141,1000,3998860,2595,1000,7577,1000,5638,5681,3415,37638,2646,78505,1000,1000,5617,3376,96545,1000
EG4349,8067453967,17597141,1000,1000,868643,223108,418417,165499,223431,59503,3108,2272390,7387620,206869,39633,159559,345227,1000,83638,22220,1000,10936,7373,1000,1951,10936,4453,1979,52705,1000,16973,17573,1000,4521740,1000,1000,5584,2666,13097,2422,2458,36133,2582,53553,2767,1000,2302,2866,345227,1000
EG4725,13103837421,124932561,160465,70980,7128700,1274090,4044350,1208440,278638,806604,4375,2.19E+07,5.51E+07,2571690,49913,1982120,1558390,55042,258304,113113,1000,134961,136102,39973,55042,55876,24352,31104,465202,1000,1000,17882,57764,2.26E+07,2942,41070,484363,29197,113629,103142,3526,391753,92683,704103,4141,3842,35684,57469,545762,98583
GXW1,25047602341,193734644,140099,95227,1.50E+07,1595200,6145200,2619350,560024,1175590,13247,3.78E+07,8.38E+07,3483580,7074,2319010,2441390,72869,611668,331296,4424,281768,282485,127026,72869,165684,45842,65704,800171,27753,249385,456427,54659,2.85E+07,4796,68901,502585,45804,138507,108085,22845,607530,5977,901429,5148,33337,135045,81600,1669420,5414
JT11398,15431887158,364710177,83644,64045,2.96E+07,5724460,1.33E+07,4404630,442866,2196630,31690,6.67E+07,1.69E+08,7825630,93673,4549930,6510430,228455,1170730,339133,17492,416332,399071,169499,26746,352227,132302,102495,1487470,83682,1012040,2687030,213471,3.59E+07,3530,123325,1145500,72605,283661,266380,10770,1542890,1953,2646180,6381,8710,165315,178107,2817440,168327
JU1172,7864362047,12450006,3136,3226,655662,134251,319664,107286,171011,56781,1000,1844430,5069190,198506,54160,94329,159589,1000,42525,10827,1000,9364,2689,1000,1000,2348,2809,1000,32826,1000,9972,15169,1000,3272070,1000,3116,1000,1000,5980,4627,4165,24497,2409,56674,3709,1000,2781,6941,63287,1000
JU1200,16160070261,132698731,83165,59705,7995720,1605130,3827600,1303570,665071,713613,6124,2.38E+07,5.86E+07,2306620,3329,2826660,1667200,51265,480094,158527,8203,94158,114761,29079,51265,52955,5194,34951,382357,19611,174561,642760,25453,2.24E+07,1000,164134,250074,112328,81878,96639,7183,358909,3809,741444,4087,5340,49171,37366,562080,4988
JU1242,9409913049,2641316,1000,1000,98575,131621,36698,38766,262175,7915,1000,314968,477503,56341,1000,24217,50861,1000,7070,8586,1000,1000,1000,1000,1000,1000,1000,1000,1000,1000,1000,3756,1000,558396,1000,13832,1000,3939,2980,131621,2602,3178,2714,3802,4319,3832,314968,56341,19740,1000
JU1246,11195511654,65187461,79091,23820,5361270,660997,1706030,755773,576240,241335,13922,9249050,2.81E+07,1420170,32285,843357,875329,25252,315849,111761,3804,42721,77050,25406,25252,31899,3786,26936,119428,8207,81449,143075,1000,1.30E+07,1000,52185,96663,36987,28698,26816,3790,184043,2617,235495,3623,1000,4474,19739,465287,1000
JU1395,11389697378,66679313,59044,24242,3796200,1000530,2064050,660072,273015,329880,3579,1.03E+07,2.89E+07,1949540,17664,840606,1057150,17570,280054,72724,7556,55559,60022,22004,17570,48010,10880,22224,166796,3644,77747,164937,12634,1.32E+07,1000,30719,80709,28421,29956,34866,5936,172685,2283,316586,3732,4580,15857,12729,410251,1000
JU1400,21248835790,29859151,1000,1000,11127,4427,8282,3863,323647,6114,58893,4453,92456,7191,8509,1000,3369,1000,4314,5552,1000,3700,32148,4033,1000,3700,32148,3567,1000,1000,1000,19627,1000,2.87E+07,6076,1000,185847,1000,15524,19672,6757,3856,2744,38736,226353,8622,12733,7242,3369,1000
JU1409,12197259088,45593963,73716,33003,3012790,472914,1374860,637162,515583,248913,1000,7088020,1.74E+07,1645210,82250,798655,820571,21011,158186,61427,3101,38535,55081,16822,21011,11422,6272,32187,143464,4665,133066,227776,3301,9601180,4102,22049,118956,28419,19449,18273,4761,133702,36720,185255,4177,1000,5030,29472,252344,1000
JU1516,14250550172,258176537,42689,38922,1.51E+07,1870880,7172280,2800540,291221,925746,9602,3.98E+07,1.31E+08,6330890,53370,3781800,3361230,92980,1025730,229777,5576,266085,287857,93389,92980,153602,42912,46219,165719,44354,416665,1180580,207404,3.51E+07,5138,539545,520269,549786,106301,112479,50333,860056,2997,988976,5146,26645,28577,93635,1801510,51945
JU1530,9465387613,53750646,2959,3666,3780990,435699,1615050,523355,600066,190799,4320,5471050,2.68E+07,796531,23848,780294,706355,14112,186412,33930,1000,45936,48978,9688,14112,22607,14151,18314,81820,6133,97146,213819,39514,1.02E+07,1000,52765,55542,14434,29909,9447,2473,159279,22670,186130,3304,1000,6316,15360,332772,52491
JU1568,13652106268,20782559,1000,1000,1253640,294827,525804,204589,229573,139655,1000,4075470,6694830,197756,161077,127994,300212,2855,45673,26791,1000,17731,13752,1000,2855,17731,13752,3398,75969,1000,21739,48903,1000,5830730,1000,1000,1000,1000,3391,7456,5839,46540,4383,94962,4283,1000,9529,197756,81114,1000
JU1580,32828989107,26474435,1000,1000,1275800,267960,567226,198301,614652,116308,1000,4517000,9795960,206601,1000,518732,294492,1000,65274,21774,1000,10489,5259,1000,1000,10489,5259,3914,77029,1000,4984,45505,1000,7464050,1000,21139,24707,9566,17311,13430,12486,49700,17036,97868,4420,6360,8534,14073,90747,1000
JU1581,10767109513,96518594,11962,1000,4921490,1115600,2828000,893539,380296,258824,4676,1.06E+07,4.92E+07,2300850,74446,913028,1358740,25232,435516,73746,1000,61220,81702,17546,25232,50147,10777,14026,40444,1000,87756,266912,34567,1.85E+07,1000,178593,157921,165168,49872,32131,6181,285360,6146,274314,8558,1000,8206,36538,750032,1000
JU1586,9994691845,20458342,6580,4220,1110060,239079,489322,173652,269975,62430,4170,3800170,6929190,585165,1000,263358,285482,4243,59341,31690,2775,9428,7024,1000,4243,9428,7024,1000,34187,1000,4282,56032,1000,5765930,1000,15444,1000,16145,13743,3666,2331,39825,2120,42509,4341,1000,3337,10274,83812,2315
JU1652,14993655108,122191276,18550,15952,5800230,1569310,3417860,1098890,577291,683840,16858,3.00E+07,5.05E+07,2913130,330697,657070,1403010,41779,312029,139792,1000,79055,62239,11763,3844,19844,10893,9865,313956,7032,109941,196193,24781,1.99E+07,1000,47796,151388,44435,77300,92880,17993,317771,1854,581034,4235,1000,27049,55073,548357,3117
JU1896,16125820350,59772428,94909,55054,2744430,714467,2014270,455216,268564,179092,6500,1.00E+07,2.73E+07,706686,343526,362971,947948,4119,196398,54427,1000,56283,64110,20934,4119,34022,5219,17834,124755,7260,62131,99918,3503,1.21E+07,1000,1000,66781,3471,20905,10264,3938,102178,2041,132295,8672,4472,9734,29832,313680,1000
JU2001,29098918867,269882432,753258,538090,2.75E+07,9552300,1.08E+07,4640170,256462,4615500,13982,5.44E+07,1.23E+08,4400710,75591,6842610,5134680,206831,888471,326662,44233,475571,561383,211962,24569,242537,36014,9733,1000,403940,1502710,2020660,251631,2953720,6252,562868,321260,255582,321547,417298,49089,1078900,7043,2336440,5050,6190,131223,171780,1905030,1000
JU2007,7805385481,16177239,1000,1000,917323,243820,423631,143419,448249,83095,1000,1993740,6978430,288381,99586,77098,242493,5484,66597,11344,1000,7021,3503,3892,5484,3369,3503,1000,21214,1000,6405,10118,1000,3838870,1000,1000,1000,4296,2179,3099,4972,38939,21870,74126,3757,1000,2446,1887,93599,1000
JU2316,30777929621,464704458,314990,280638,3.32E+07,7607510,1.79E+07,4697030,504007,2959000,83382,1.22E+08,2.30E+08,5622160,460498,5483790,5472740,230432,1641020,418716,10633,554166,467150,82323,38784,208932,29715,7602,28465,204848,2184080,6156910,285621,6436060,8802,1022450,384012,657306,265966,310198,96175,1693870,3420,1755200,253986,8212,180729,266028,1891680,120522
JU2464,29171000136,350952371,313646,480990,3.05E+07,1.69E+07,1.49E+07,8730150,389506,4353820,110486,9.25E+07,1.35E+08,8957300,61343,7069630,9619490,316874,738709,266705,9376,720841,774697,246062,11203,334801,72972,4945,18959,357050,1769590,3312510,125773,3281190,1000,749943,190880,425572,278640,310955,122432,1158480,6621,2201160,5737,5408,180846,276554,3078080,33045
JU2466,35132741076,170472240,341265,191088,1.67E+07,9017980,7262680,2498600,313569,2174890,9297,3.30E+07,8.13E+07,2487390,22868,2470020,3685180,44826,789455,261087,23733,217794,295906,118653,8613,124605,43580,62213,8986,75565,303825,515071,36239,1634740,1000,294019,62127,96548,106327,204652,38121,674734,9388,1319590,4400,13819,82101,119966,1345330,1000
JU258 W1,10360597717,25321683,19637,1000,1057120,153676,276449,198689,1.41E+07,91412,4067,3319510,1726920,332137,6542,104761,235291,1000,17804,10240,1000,13075,4322,1000,1000,2962,3581,2965,63791,1000,17087,12848,2624,3146990,1000,1000,10477,1000,4276,153676,3273,10049,3404,91412,4443,3832,2597,12185,57259,1000
JU258 W5,12398323204,50497886,57058,17287,4823340,672232,1437330,839403,174353,389808,24733,1.61E+07,8622780,1388980,148100,353705,927308,47029,100906,55432,1000,63092,86386,16186,2468,11688,86386,3636,178994,1000,91041,109553,4578,1.32E+07,1000,3307,47310,5431,16783,6655,2418,84405,2717,52386,3600,3225,3550,38530,172277,1000
JU258 W7,14362289365,3415953,1000,1000,264368,36433,65811,41510,737408,10774,1000,768075,408779,92468,1000,16316,60379,1000,2789,1000,3099,4147,3076,1000,1000,4147,3076,1000,4072,1000,1000,3894,1000,829136,1000,1000,1000,1000,3306,2652,2491,3303,2381,10774,4189,1000,3003,7421,16676,1000
JU258 W8,21995449510,382565597,228831,250725,4.13E+07,6002900,1.22E+07,7830690,7262930,3234300,9409,1.26E+08,7.25E+07,1.67E+07,32093,1.49E+07,5596130,370353,829024,376145,20558,740100,766793,69242,370353,140806,27090,93284,947895,162693,1333610,3383570,90234,5.26E+07,10824,821297,1123250,532146,222059,82287,24757,628373,5425,459765,7883,100125,206392,280363,1415960,280833
JU310,7775680567,13130782,1000,1000,889747,82596,261758,136776,202239,48905,3063,1840290,5137640,279506,1000,62240,143360,2870,47820,9369,2990,3727,9042,1000,2870,3727,9042,16697,18765,3145,31692,52492,1000,3513900,1000,26832,1000,17463,2019,82596,2841,30078,13768,35100,4679,1000,2565,6889,89684,1000
JU323,8954233347,25776457,27198,14052,1178060,288039,605762,252118,651197,122668,3481,4433610,9940830,729465,1000,350563,341077,8898,99945,39584,1000,17429,14191,1000,8898,3140,8957,2891,44515,3385,30854,110418,1000,5963130,1000,74108,28395,70712,7001,6023,2692,46587,30440,83415,4410,1000,2775,8171,117373,1000
JU346,19580931534,88278926,18712,10566,6199470,893177,1682870,1524590,252923,269284,15033,1.26E+07,4.26E+07,1136590,1000,747772,1245070,9293,166494,72116,3663,58002,44341,16564,2939,41568,5183,24864,280765,3310,36148,102509,41730,1.51E+07,1000,30823,138589,15285,40712,23045,6990,269563,3477,316330,4803,1000,11083,40390,2252390,1000
JU360,39645834263,197913620,789212,196352,1.51E+07,2130160,5142880,2613820,756460,1190650,57459,3.67E+07,8.45E+07,1854670,1000,3013990,2769310,85490,298969,267929,17136,247067,305798,83637,85490,149838,29208,105783,902742,44129,321025,933620,150047,3.28E+07,13821,109988,651908,75062,109329,86141,31482,523873,8933,720219,5494,8021,77591,71332,1714300,34455
JU363,12317409919,26607049,27175,3756,1712470,176447,609925,220898,762176,97650,3662,2862690,1.31E+07,387785,1000,121412,329822,3477,43852,32720,1000,17347,18683,1000,3477,8332,18683,1000,47920,1000,5647,31011,5206,5466670,1000,1000,6444,1000,16807,13340,7450,81718,2483,100030,10009,1000,2533,4079,249963,1000
JU367,8542461087,27240789,17658,1000,1437000,410083,835662,300088,527314,171182,5032,3808130,1.05E+07,610066,178932,194455,552264,2526,121542,22307,1000,15505,14079,4936,2526,4827,3326,9220,48601,1000,51064,78027,1000,7034140,1000,2983,11292,2312,15376,15365,2593,61676,1787,97008,2981,1000,7356,10211,2357,1000
JU393,50712381250,664202321,307099,115953,5.76E+07,1.25E+07,2.13E+07,6267260,922773,7085300,83486,1.17E+08,3.21E+08,3484900,795588,9639490,7196690,224866,1521640,836587,70182,1081640,1300570,437349,224866,757443,310640,211802,1880660,184006,1172790,1773630,543656,6.22E+07,6850,444108,2459820,187554,796186,872784,185609,2996300,5836,7568090,5722,12817,443519,3484900,4656460,1000
JU394,24782264656,350192190,237427,115114,3.19E+07,8395050,1.39E+07,6155650,254170,6060340,84331,6.63E+07,1.46E+08,6613900,27643,7575420,6237550,228790,49870,532908,61614,734679,1166970,481205,33729,533115,232773,111736,749812,271202,1700970,3034890,49956,2.81E+07,5802,582676,834338,147074,476101,571794,153881,1529130,8454,4259410,5857,4489,237773,221393,3249100,7804
JU397,8276106515,25342210,2604,1000,1290370,193930,763703,264037,240397,88034,1000,3932570,1.10E+07,605540,20444,412410,340904,11060,88130,30477,1000,15176,14390,1000,11060,2865,14390,18132,74385,1000,22005,68445,1000,5522960,1000,1000,5534,13538,2747,8001,3877,44954,3325,61069,3072,1000,2677,11126,107072,1000
JU406,27009937321,196240498,361108,165696,1.49E+07,2579440,6468980,2580770,309587,1898980,17876,2.80E+07,9.37E+07,1139300,896456,1589920,2909760,22835,439429,146431,6251,196178,231979,105897,5278,90149,47848,45920,384050,9233,281405,385893,82560,3.20E+07,2819,57479,769543,29804,112555,143419,6498,488153,3304,1428110,3622,12138,44035,59610,1063200,1000
JU440,15032681699,82880218,64210,23598,4504450,839658,2162670,649948,207626,490063,8974,1.79E+07,3.33E+07,1616960,64909,1031990,741989,17906,348653,115900,4338,74555,102694,47476,17906,50267,9089,11953,242746,3887,83890,156019,3722,1.65E+07,1000,108099,114703,68546,42266,42522,13606,201333,2738,439680,3671,1000,27670,40475,366663,1000
JU491,12414205161,69783235,1000,1000,4180490,1124010,2000510,702411,500419,431153,3687,1.12E+07,3.08E+07,1008300,255123,516519,883131,12649,241883,101070,4003,53838,62657,15499,12649,42084,7638,7948,160387,15595,103400,129008,36002,1.39E+07,4030,22307,82046,7089,30910,49451,1789,180324,3171,479038,4046,1000,15986,38346,391939,1000
JU642,24480416988,159905903,17730,5305,1.16E+07,3113670,4445810,2142240,578884,833113,11169,3.47E+07,5.92E+07,1668550,534438,1181120,2219900,83633,1013590,236106,7016,169257,167343,74406,8672,56207,24995,41383,382316,23958,210748,334724,135071,3.20E+07,5583,85183,407942,40309,58820,54349,16117,349157,3233,403991,4719,4524,68020,69542,1075260,1000
JU774,15672401983,186472940,217613,94353,1.29E+07,2743370,5229430,1871860,495661,1367430,10239,3.67E+07,7.95E+07,5832300,41272,3660880,2732320,120832,509760,230091,11048,239538,296657,111377,4448,130946,45243,64310,632728,37371,237603,507075,1000,2.62E+07,1000,95515,393284,53593,90952,145807,14078,426894,3378,1142490,6047,21751,66788,101718,1062390,1000
JU775,8325242526,56087798,2623,1000,2336900,494969,1276090,380217,6879550,273875,14378,9623290,1.98E+07,1192980,13709,330756,559345,19010,100646,37043,2215,63391,49981,1000,19010,13036,49981,7171,144801,4763,62215,124732,29769,1.03E+07,1000,25066,61539,28608,17744,28842,1822,109107,2550,173130,1000,3322,5103,1191980,178351,22288
JU778,33319107480,491879343,212956,306118,3.29E+07,9417830,1.75E+07,6475050,808494,5141380,60791,1.00E+08,2.07E+08,9437500,13233,1.40E+07,7515990,415555,1562680,594529,55854,824537,1087810,366423,415555,543348,185215,161079,1296780,395684,2970300,6286400,113249,4.95E+07,6875,1369450,2041320,685173,300105,484951,80677,1803760,5009,3805680,10819,12061,75516,349784,2913150,295173
JU847,15640815169,186629501,107869,71853,1.15E+07,3148220,6287110,2022590,268749,1200650,39179,3.72E+07,8.02E+07,2795820,783888,1968840,3362920,44196,783414,237572,11197,139703,171666,71683,6189,81293,24074,28339,467357,23821,455995,743391,41809,2.91E+07,1000,35665,408142,27286,109155,122588,6523,525228,2923,888701,3100,7493,42314,88200,911496,1000
KR314,16394303151,214567894,74886,53813,1.19E+07,2356720,7320100,2004450,378313,1173220,18943,3.53E+07,1.11E+08,2808660,5149,2515910,3100610,93255,592014,214189,8112,168394,173400,49307,5554,137046,48632,47436,765298,26281,179154,386445,48622,2.62E+07,2732,63030,507631,43646,162144,156560,16810,872037,2351,1718680,4534,3844,102894,103325,1356020,60143
LKC34,9601252593,38062121,76106,17668,2619300,555739,905057,489820,213683,380693,5671,1.02E+07,9077820,1513520,4196,209597,585830,9628,26690,14727,1000,56374,66720,38949,9628,15426,4666,4202,77562,3655,88470,72770,49389,1.01E+07,2553,24701,54737,7299,20043,21855,3431,59244,2144,132206,3077,4311,17257,24616,145958,25633
LSJ1,13090542541,12163916,67245,3883,1391360,304526,363788,206516,194853,62109,1000,1591290,3814060,270815,1000,77871,334571,3034,31896,21518,1000,9364,4868,4696,3034,2789,4525,1000,12403,1000,6598,11834,11167,3068210,1000,3844,1000,1000,3159,8958,5518,50366,2348,55368,5075,1000,7431,4897,138129,1000
MY1,12631920510,138997946,1000,3975,8450730,2006730,4182050,1467160,5150030,625493,22858,2.27E+07,6.55E+07,2128820,53713,3125140,1710580,54807,1036430,180601,12090,83221,86048,1000,54807,8972,86048,20349,114766,30493,317826,1356570,1000,1.30E+07,1000,217528,76091,149520,97851,131614,51485,602857,2253,768004,7811,7932,25930,2136870,1192650,11643
MY10,10151816790,47627048,32946,23714,4553000,915710,2016030,801943,372761,359502,6668,9168620,2.23E+07,2485180,234831,1140130,1200840,23363,292628,77672,3148,52498,65199,14186,23363,29652,4735,2617,3741,16942,130953,314161,1000,46662,1000,28681,1000,36696,33146,39521,19449,145650,2650,274006,5247,4374,16355,30878,304167,2833
MY16,19583643488,389932189,339778,192472,3.37E+07,6356390,1.44E+07,4616060,8645770,3237540,40699,5.35E+07,1.78E+08,3960740,22886,1.11E+07,5773590,190486,1129100,295501,23077,427948,466321,1000,17904,258792,24130,131559,478556,145415,1171030,4565360,63185,4.59E+07,4112,319558,983995,323323,351149,404068,23020,1631900,2668,3273150,4560,7667,195561,142947,2160140,905382
MY23,14637484051,68642593,90856,78356,4199060,1014080,1931830,960785,257847,487187,8691,1.21E+07,2.37E+07,1189350,5901,1243880,1296750,31313,150561,72030,3658,78283,87288,42317,31313,30368,3831,27508,186073,14951,115480,221137,4380,1.78E+07,1000,36594,167242,30225,32197,16578,4592,159648,1772,306870,6042,1000,9444,38167,361991,15367
N2 W1,12095390558,129673114,354026,62801,1.27E+07,3077230,3563060,1679510,591169,922468,12579,2.20E+07,5.30E+07,2184900,52174,1735930,1608760,84039,276552,133227,5028,154689,195874,75603,84039,113290,42754,39719,521719,35953,166793,234408,260916,2.06E+07,3806,51603,150125,19392,126572,148538,10699,553452,2850,933547,5138,3346,49323,59028,824115,192670
N2 W5,8154628166,29337463,37186,1000,2760810,619125,699476,358759,640420,196112,2823,5283930,1.05E+07,422170,2607,152174,524508,16328,64967,30396,1000,18856,38266,1000,16328,14939,3072,1000,72432,1000,41581,35862,22091,5429180,1000,2828,9278,2741,22725,30332,2596,115955,4277,190579,3209,1000,2267,422170,524508,1000
N2 W6,12971028672,147875090,354902,53817,1.80E+07,3575550,4088840,2258970,292489,1022910,39272,2.85E+07,5.70E+07,4126930,175135,1818820,2137180,100489,573608,238002,13050,177560,239013,131813,100489,107761,56949,46607,483653,54094,312161,365189,109125,1.89E+07,4183,125323,185563,41260,125886,123867,17475,606242,2197,4824,4854,13638,14353,55207,1082440,1000
N2 W7,50049868035,91678180,328343,34015,1.09E+07,2278150,2486620,1036470,260943,686111,3923,1.71E+07,3.49E+07,1093010,1000,800683,1208600,24612,125824,110171,1000,96563,120050,49902,24612,71390,31567,24211,436791,11714,66700,147923,124706,1.52E+07,1000,17786,113028,7255,94048,73963,8439,345882,4682,687306,4435,4076,7465,59636,553306,9769
N2 W8,37549197806,597698619,2888410,980779,6.32E+07,2.34E+07,1.79E+07,9492890,236411,7167500,87955,1.41E+08,2.02E+08,6952200,46115,1.75E+07,7168430,658158,2247200,845563,69887,1460560,1813350,734284,39491,786401,315588,192277,3607710,552549,2345050,7648490,854148,5.52E+07,6568,423728,1895570,141075,705073,857780,132782,3087810,47178,5355240,6726,15051,257250,342702,3858970,1394620
NIC1,39558433928,93523908,41858,41438,4681810,1586990,2027310,1004580,828729,758589,19021,1.96E+07,3.56E+07,809424,1000,1779920,992552,6670,277305,174722,13194,135522,125720,40702,6670,42430,7239,41717,298514,48318,203762,584477,101884,2.02E+07,5201,166476,200751,67489,5103,39414,8163,190854,6248,337028,5882,4541,29585,57444,352462,1000
NIC166,32769718714,394121196,556804,308076,5.12E+07,7478120,1.34E+07,6449610,333558,4028660,17098,1.14E+08,1.14E+08,6013320,76654,7058290,6411760,256950,680204,466078,14304,762714,1004380,346407,256950,217002,79170,166251,2490810,135109,1503550,2298150,113242,4.43E+07,6704,407881,1455690,168317,296020,156104,20504,1245200,5727,1154930,4640,82171,117898,280700,2385370,149419
NIC199,31097963509,169837518,117373,76616,1.01E+07,2480280,4547470,2259850,536813,1363700,50893,4.15E+07,6.11E+07,2426650,42947,2888280,2604780,15811,422086,239222,16148,210373,236446,94979,15811,62415,24512,40159,851561,42377,483306,787141,9527,3.10E+07,9048,129302,651142,40275,62099,75866,16936,448787,4662,554830,10726,5286,77413,120270,997288,35162
NIC2,11161181461,78233448,7756,6877,3769120,886180,2099280,634622,537699,412117,14535,1.49E+07,3.56E+07,829625,223557,822861,933431,17786,281749,81258,1000,67896,74921,11397,17786,28412,4325,14853,266324,3200,118281,206989,15593,1.41E+07,3585,27000,97967,26197,45649,47032,2705,193070,2651,442618,3553,1000,15840,19445,376606,1000
NIC207,14694405480,51692855,1000,1000,2806850,595866,1540420,511588,252832,267811,10325,8785880,2.05E+07,689836,189723,301703,715233,27377,199501,60751,1000,30604,52858,9798,27377,14503,4217,8495,120221,3754,44467,86488,8567,1.29E+07,1000,16831,53855,7397,18540,30079,2907,116984,1823,301114,4063,3973,7069,22171,281404,1000
NIC231,37941966603,134113367,145092,81451,7797190,2477590,4044440,1400350,346761,1033180,39046,2.69E+07,5.61E+07,1523340,1000,2253680,2123830,95023,154223,186472,5436,180047,213036,37697,95023,106997,37794,41505,619432,19665,131794,372437,54950,2.30E+07,1000,59357,217748,17617,99746,97117,11482,419160,4263,682375,5535,5633,66082,70860,711310,87501
NIC236,16863281472,20833338,1000,1000,1067210,343229,581791,188779,219082,72110,1000,3005790,8763180,327753,1000,180892,422626,1000,29359,7591,1000,7313,8618,1000,1000,3947,8618,4247,50401,1000,24111,45104,8345,5128810,1000,5040,1000,1000,4389,5170,3964,59266,25739,71739,3902,7288,4937,8912,134086,1000
NIC256,45563570950,235749722,347179,288710,2.37E+07,6163520,8377980,4553460,317309,4086930,215132,1.04E+08,5.60E+07,4325260,125309,4532350,6211550,196574,332886,171844,13715,689865,745101,228139,32809,86276,9297,7749,20949,126217,1377130,1735180,186337,2898810,6693,362033,245550,105228,114213,81535,80303,408632,7717,757852,7958,77373,308387,337485,812196,1000
NIC267,32252355917,619283862,657947,367285,5.05E+07,7934270,2.34E+07,9491250,304230,4304670,80658,1.26E+08,2.66E+08,7505690,80347,1.68E+07,8738730,371373,1781550,373201,15625,956081,1092020,474836,371373,611373,235843,221275,1642380,246719,1992250,1.30E+07,43430,5.55E+07,4186,1279080,1437070,900771,526202,399304,70911,2944680,6206,3329150,7499,14913,526521,328326,5291810,278727
NIC3,14814962521,61146711,26933,7103,4229830,692490,1604010,639292,219848,352276,16765,1.15E+07,2.53E+07,685352,337392,354275,780234,5578,145496,63578,1000,38051,54129,23793,5578,28058,12501,4820,134885,1000,94272,146869,7527,1.27E+07,1000,14905,34239,13055,24183,14713,6500,164117,2021,264986,4553,1000,12793,35834,452077,1000
PB303,10401928832,237647843,38821,18470,1.23E+07,2709020,7848230,2635910,3.42E+07,1303130,21802,2.55E+07,1.15E+08,3009150,68597,2317850,3047430,102552,901258,311984,8185,163338,77013,1000,8188,111366,77013,19735,511513,27741,235004,570122,16479,1.68E+07,1000,75338,348032,63046,131102,166631,20527,861259,3249,1725860,6534,3053,39504,3011650,1378370,75487
PB306,46430870049,337653898,565486,399892,2.19E+07,5514690,7916940,3734520,963963,3998080,19456,9.14E+07,1.26E+08,3384730,35224,8572180,3925140,229428,564436,503743,20080,622828,714255,52851,229428,302865,61774,119698,2817460,51329,795327,1585780,91367,4.33E+07,7010,249683,1558270,191961,211315,255297,38381,790589,9181,1793420,7359,41806,142837,172169,1447760,179310
PS2025,30158393415,342252202,224386,94585,2.22E+07,6548420,1.14E+07,3092680,368177,2591120,14226,7.29E+07,1.54E+08,1817740,1027990,3045820,4820180,103084,1002950,395963,17952,391786,461763,158036,16122,245535,81373,75031,1269940,110843,903342,1357560,129952,4.27E+07,4411,48564,1101670,52419,280433,223587,10501,1223090,3580,2952000,5626,3792,158073,247914,1946490,17596
QG1,13031952581,137629557,349406,52207,1.39E+07,3045540,3471840,1635330,339273,905779,3956,2.74E+07,5.55E+07,2036400,18889,1514970,1644420,81627,326791,167196,9247,145324,169292,85747,81627,91880,37627,52800,766864,33211,117683,172973,161763,2.07E+07,6886,64693,225757,24198,98682,119326,3815,445894,3289,724370,4811,10719,33718,56540,791581,72416
QG536,33641967754,159925296,167126,161277,1.05E+07,2834680,4426520,2213710,708667,1107780,6490,3.22E+07,5.90E+07,2459690,1000,2578620,2930040,35225,262235,189607,5261,192342,248951,64872,35225,98110,26774,48688,789542,77929,197167,885345,396526,3.19E+07,6198,182055,444347,109510,56446,91676,35542,417969,4982,644921,5207,1000,84523,92714,911856,99551
QG537,12323005605,212915102,67081,38488,1.25E+07,2241700,5613330,1951030,215172,1049730,13455,4.38E+07,1.01E+08,5786930,203792,4001690,1858730,119608,906906,226345,18765,257919,258438,106990,119608,168524,51674,49743,283673,28418,379812,941228,32686,2.39E+07,5138,386914,305526,228118,97828,170067,16288,571191,2622,1276580,9649,37567,80989,111610,1058500,46450
QG538,12658447454,114948046,17104,2974,7011620,1061410,3031160,1026180,697528,542189,15290,2.41E+07,4.59E+07,3618470,419970,1098890,1219910,74819,8556,189344,1000,110741,137785,58428,74819,70393,21143,36340,189731,14967,139762,312783,20294,2.17E+07,1000,167864,158241,121906,38088,64499,18393,249028,3624,564050,4655,3761,14590,38586,484061,1000
QG556,68942363411,503461354,682575,1128140,3.51E+07,7302620,1.83E+07,7736280,1934300,3493350,66578,1.08E+08,1.94E+08,5660310,44652,1.24E+07,1.27E+07,288403,1311140,641584,22321,919282,1104300,173404,288403,452881,107953,81255,1851700,311652,2280670,5238930,36219,6.65E+07,6039,971839,3180280,714470,421241,234340,89354,1280100,15006,1593530,12336,12474,380080,426473,3431750,291140
QG557,32922536986,385669281,422569,503054,2.44E+07,1.39E+07,1.12E+07,6497200,652540,3374830,20814,8.08E+07,1.42E+08,4962370,141213,1.61E+07,8219610,191105,966420,428043,41222,545879,475403,169570,191105,270164,77063,114193,1014780,320615,1556590,1.02E+07,23151,4.38E+07,4528,1551740,1141240,1389820,220373,338482,35617,1304290,6211,1915310,6317,55469,211225,222499,3338640,367117
QX1212,13773720345,179411946,41864,18046,9224100,1505930,5887960,2047230,260458,750718,11694,2.51E+07,9.68E+07,2491730,545222,2085880,2267890,45949,303007,103072,1000,119522,136642,46401,3895,103222,36414,27446,187987,22724,385657,756516,47124,2.42E+07,3448,37946,268199,25075,135013,99506,18498,588111,2625,982627,4178,4073,62369,64538,1555840,1000
QX1233,9876426445,39491098,62902,7209,2573830,669497,932869,987780,468942,168305,6954,6017680,1.41E+07,863843,131094,25995,702411,13834,209635,65574,1000,28317,31693,18618,13834,13956,31693,10886,87083,1000,64886,87323,1000,9677080,1000,8343,42067,17204,14382,12728,2771,95979,2421,136123,3935,1000,2464,30638,1014420,1000
QX1791,11447408068,73863062,58205,62505,3073830,639702,1728180,971676,277415,263432,18245,1.72E+07,2.70E+07,1790760,17221,887419,1013790,46903,347979,119675,4900,49655,47584,11827,46903,22645,4404,10383,442273,1000,118864,273808,1000,1.62E+07,1000,45388,152736,39281,20460,21148,7573,3781,3145,217293,6128,4532,19751,37084,522048,3231
QX1792,12219916687,79893100,70798,35742,3762170,741438,2538700,757748,669127,284631,4865,1.28E+07,3.89E+07,1580800,19247,935362,1031170,25338,342633,120857,4189,55360,47557,13980,25338,32971,47557,14917,133179,24277,150593,263077,1000,1.30E+07,3140,47014,166227,38061,20917,29552,8117,209089,2499,254631,4655,1000,27839,24721,587079,109738
QX1793,22396710191,57233638,116278,66166,4474350,3210200,1109130,843972,289833,238146,5310,1.21E+07,1.55E+07,925561,1000,1017160,996897,4784,303441,97265,1000,66314,48240,31463,4784,9038,48240,33620,200327,16205,37710,241800,7338,1.33E+07,1000,108969,116037,101109,11257,7670,10125,79605,3278,86944,8355,8259,6243,925561,385254,1000
QX1794,29241548626,322664349,754550,378925,2.08E+07,1.63E+07,1.06E+07,4336400,210731,3341020,23054,5.95E+07,1.33E+08,4536910,91896,9522190,4960210,192808,1316300,297962,23160,418167,436299,188324,20822,274089,66016,91720,752945,36597,207906,977288,71202,4.02E+07,6114,328512,1123770,425002,220806,239984,44319,1322530,4853,2122180,6887,5212,126923,185886,2008430,423950
RC301,18592039739,244886808,125928,93816,1.29E+07,2920950,8622710,3037870,882530,1203540,19642,3.32E+07,1.26E+08,2859680,6614,5115890,3551180,93935,1001430,307011,12571,157298,199819,27752,8730,114998,30577,47831,587268,34209,304124,1152380,48378,3.47E+07,3843,229629,648516,173103,148831,200238,5742,805381,4830,1455430,4645,4356,72278,83627,1389510,431188
WN2001,34698608339,46564434,27287,1000,2952110,553362,919229,667638,779203,140621,1000,1.07E+07,1.47E+07,572476,1000,1166760,547903,22112,17413,65885,1000,54537,35357,19122,22112,7983,35357,10785,206809,6780,71916,213952,191804,1.06E+07,4819,76965,36478,42493,5928,553362,34180,89150,5661,66343,7162,6274,5194,15674,245638,1000